codeswitch_sentence,languages
قلت لي اصابة padel اجل yeah,Saudi-English
وش علاقتك مع الرياضة اشوفك تلعب تنس مع الامير عبدالعزيز الفيصل رئيس اتحاد الغولف والحين padel وش قصتك مع الرياضة,Saudi-English
كان فيه الصالات اللي موجودة وجايبين معاهم اعتقد united states sports academy مدربين في كل انواع الرياضة,Saudi-English
انا was fortunate enough محظوظ جدا انه كان عندنا access للوالد كان ضابط متقاعد,Saudi-English
يعني اشياء كثيرة كرة قدم كمان بس ما ما موب نفس احترافية الغولف لالا ابد ابد الغولف عاد من تالي الغولف اممم,Saudi-English
ندور لهم على sports مافيها يعني اقل احتكاك جسدي او يعني مافيه اصابات وذا,Saudi-English
فا لقينا الغولف بالصدفة,Saudi-English
وبدينا من هناك بديت معاهم اروح معاهم كل weekend وذا,Saudi-English
الجو كيف يكون هواء مطر شمس رطوبة تتنافس مع طبوغرافية ال الملعب الغولف,Saudi-English
اعاقة او handicap,Saudi-English
فكيف تقدر كل مرة تفوز على نفسك او على الاعاقة حقتك او ال handicap حقك,Saudi-English
الجديدة القديمة نسبيا ايه هل لسا تلاقي وقت للرياضة yeah,Saudi-English
اذا احد اتصل علي ok تعال خلن نجلس نتقابل فا its,Saudi-English
its part of my life الان والعائلة هذا افضل ما في الموضوع انهم متفهمين ومقدرين الكلام هذا,Saudi-English
ال حتى ال social activities اللي تكون موجودة العائلة يكونوا معي,Saudi-English
فيها ويكون فيها business فا يعني صار جزء من نمط الحياة ايه صار جزء من اء اصلا لو ما سويت شيء زي كذا احس انه فيه,Saudi-English
صحيح فيه شيء ناقص فا its part of it حنا ابو فيصل سعداء نستضيفك بصفتك المحافظ لصندوق الاستثمارات العامة,Saudi-English
denmo denmo الحراك حق التحول الاقتصادي فالسعودية من الفين وخمس طعش الى اليوم,Saudi-English
اء كنت الرئيس التنفيذي للسعودي الفرنسي capital وقبلها كنت,Saudi-English
رحت للديوان and it wasnt للصندوق الاستثمارات العامة,Saudi-English
i was brought in على شان التاسيس مركز اتخاذ دعم القرار,Saudi-English
كانت فكرة سمو الامير انه معظم القرارات اللي تكون موجودة based على ال opinion على الراي,Saudi-English
وليست based على الادلة او ال evidence,Saudi-English
فا عطانا الرؤية حقته وسالته يعني انا ما ما اشتغلت ايش علاقة banker في مركز دعم اتخاذ القرار فقال لانه ال bankers,Saudi-English
ما يستخدموا فقط الراي انه my gut feeling انه to go and buy this ولا سوا كذا,Saudi-English
السعودي الفرنسي capital معروف يعني كان الاول ما احد يعرفه,Saudi-English
وسوينا فيها كمان يعني ال deals,Saudi-English
فا كنا access نعطي access لل clients حقينا,Saudi-English
لانه يدخلوا مثلا مع black rock مع كل ال اء,Saudi-English
كان بالنسبة ibos قبلها ال كان سوق الاسهم,Saudi-English
الظاهر سبعين شركة يوم طلعت كان مية واربعين شركة so double dub القيمة السوقية كمان كبرت,Saudi-English
كنت كمان المسؤول عن ال mna activities اللي هي الاندماج و الاستحواذ الاستحواذ كنت مسؤول عن,Saudi-English
يعني زي ال reits اللي هي الصناديق العقارية كانت معي كان معي برضو,Saudi-English
اء ال accessibility للمستثمرين الاجانب فالسوق السعودي,Saudi-English
اء يعني كان بالنسبة لل systems وكيف تسويها او ال processes ومن الكلام ذا,Saudi-English
so بعد شهر من بداياتي مع ال مع الديوان,Saudi-English
لكن وفالقروض وفي اشياء كثيرة من النواحي التنموية وليست كا sovereign wealth fund,Saudi-English
فقلت له ok تكلمت مع اء هيئة السوق المالية قلت لهم عطوني ال اء اسماء,Saudi-English
وجبت يعني جبت الاسماء كاملة والملفات and everything,Saudi-English
و i was going through the names يعني و name by name فا ما كان مقتنع بشكل كامل بمعظم الاسماء قال لا جيب لي احد ثاني,Saudi-English
and we were going through everything وش كان وش كان محتوى هذاك الاجتماع ال اء المحتوى حطينا يعني ال blueprint,Saudi-English
الان اء وش كانت رؤيته في ذيك اللحظة حنا نتكلم على الفين وخمسطعش لسى قبل ما الناس تدري عن الصندوق الفين وخمسطعش again سمو الامير اعتمد على معلومات اكثر من راي,Saudi-English
so اول شيء سويناه,Saudi-English
فحص كامل diagnostic,Saudi-English
ايش هي ال pros ال cons الاشياء اللي نسويها الاشياء اللي ما نسويها هذا رقم واحد,Saudi-English
رقم اثنين benchmark,Saudi-English
ال sovereign wealth funds فالعالم يسوونه,Saudi-English
so اول صندوق sovereign wealth funds فالعالم كان صندوق ال ال اللي هو الكويت,Saudi-English
norges bankالاقدم الكويتي الاقدم الكويتي مثل ال norges bank الاستراتيجية حقته,Saudi-English
صندوق واحد passive invisment ايش يعني passive يعني يجي يشتري يقول ابغى خمسة بالمية من ال public market اللي موجودة فالعالم,Saudi-English
عندهم يمكن تصورات مثلا يقولوا ما نبغى فال fossil fuel ما نبغى فال مش عارف ايش نبغى في كذا عندهم black list لكن بعدها بعدها استثمار خامل في كل المؤشرات فا اذا الاسواق طالعة هم طالعين اذا الاسواق نازلة هم نازلين,Saudi-English
لقينا انه ال اء المملكة او sovereign wealth funds بحاجة الى at least six pools of investments,Saudi-English
نبغى اول شيء saudi equity اللي هو نملكه الان يعني في الفين وخمس طعش,Saudi-English
هذا one pool,Saudi-English
second pool is sectors اللي كانت موجودة فالمملكة كثير منها either غير موجودة او dormant,Saudi-English
او انها تعبانه either تعبانه لانه مافيه,Saudi-English
استثمار كامل او regulations ضد تطوير ال sectors هذي او ما فيه regulations من الاساس تسمح بالدخول فيها excactly,Saudi-English
ال pool الثالث اللي هو الطابع العقاري giga projects,Saudi-English
موجود ففكره neom موجود القدية موجود ال red sea موجود roshen موجود كل الاشياء هذا فالفكر اللي موجود عنده والرؤية اللي موجودة عنده,Saudi-English
فا سويناها محفظة او pool,Saudi-English
مشاريع الكبرى مشاريع الكبرى giga projects حتى الاسم giga يعني قلنا اول شيء mega ايه mega موجودة فكل مكان اي مشروع كبير,Saudi-English
يسمونه mega projects,Saudi-English
it’s not this is giga this is like an eco system كامل,Saudi-English
جالس اسويه ما هوب ما هوب بشيء يعني بسيط او مشروع واحد ولا ارصفة ومش عارف ايش وعمارة وحديقة ومواقف وشوارع no this is a whole eco system,Saudi-English
الشيء الثالث اللي هو ال real estate وال infastructure,Saudi-English
wherever real estate موجودة مثلا شركات رؤى المدينة رؤى الحرم او شركات اللي جالسين نسويها الان اللي هي تطوير وسط المدن وسط المدن المطارات ايضا تطوير المطارات المطارات فال infastructure,Saudi-English
بين ال sector development وبين على حسب ايش ال ال يعني هذا من الاشياء اللي تم النظر فيها داخليا وين تكون المشاريع مثلا في هذا ال pool ولا هذا ال pool,Saudi-English
فهذي الاربعة first اربع محافظ,Saudi-English
والاستثمار الدولي الاول ما كان عندنا تقريبا اقل من خمسة فالمية less than one and a half percent,Saudi-English
وكان اكثره politicly incentives investment مثلا في الدول العربية في من الكلام هذا فما كانت,Saudi-English
فا كان فيه عندنا يمكن استثمار واحد اللي هو في posco steel korea في كوريا كان في اخر,Saudi-English
الاستثمارات الدولية سوينا برضو محفظتين اللي هي ال balanced portfolio اللي هو يستثمر في كل شيء,Saudi-English
ان كان مع ال fund managers,Saudi-English
ان كان في different underlying فال private equity فال public markets في في different instruments of ال investmets,Saudi-English
هذي اغلبها استثمارات غير مباشرة هذي عبر مدراء صناديق لا حتى مم ممكن تكون direct بس ماهي stratigec,Saudi-English
stratigec invesment اللي هي direct,Saudi-English
او non direct بس تكون لها طابع استراتيجي مثل زي مثلا soft bank vision fund that’s a strategic يعني forty five billion dollars,Saudi-English
في صندوق قيمته مئة مليار soft bank نفسهم كانوا حاطين ثمانية وعشرين مليار فيه,Saudi-English
soft bank the company,Saudi-English
blackstone استثمرنا فالبنية التحتية في امريكا,Saudi-English
خمسين مليار واحنا حاطين عشرين مليار so it’s forty percent of that fund so هذي تعتبر strategic استثمارنا اللي وضعنا,Saudi-English
على الخارطة العالمية للاستثمار في uber,Saudi-English
اء ما داومت فيه tell you the truth لانه تم نقل صندوق الاستثمارات العامة من تحت وزارة المالية الى,Saudi-English
so سمو الامير قال go and find proper offices لكم,Saudi-English
and رحت هناك كانت تقريبا ماهي جاهزة المدينة الرقمية,Saudi-English
فيه عمارة وحدة فيها اللي جاهزة اللي هي العمارة حقت ال maintanance الصيانة,Saudi-English
فقلت ممتاز ok lets take,Saudi-English
يعني جزء منها فا خذينا i remmeber نص دور,Saudi-English
اء region,Saudi-English
اء was moving out من هيئة السوق المالية وانا كان يشتغل معي فهيئة السوق المالية,Saudi-English
here is what i want هذا ال mandate اللي عندي,Saudi-English
ودي اني ودي انك تجي قال ok خلاص جاي,Saudi-English
طيب ما سالتني وش الراتب وش هذي قالي خلاص مو مشكلة جاي فكان من اول الاشخاص تركي النويصر samething كان جايني,Saudi-English
mandate من سمو الامير انه نبغى نستثمر اء في فرنسا,Saudi-English
فا تكلمت مع ال previous employer حقي السعودي الفرنسي capital وتركي كان رئيس الاستثمار هناك ال ادارة الاصول,Saudi-English
they couldn’t comprehend what i was talking about ما كانوا مستوعبين اطلاقا ما هم مستوعبين,Saudi-English
فقلت you know what,Saudi-English
im not gonnna waste time اتصلت على تركي نفس الشيء فالعصر,Saudi-English
اء قلت له here is the thing ابغاك تجي ومش عارف ايش,Saudi-English
قالي fine زي ردة يزيد ردة فعل يزيد بالضبط,Saudi-English
fine اليوم الثاني الساعة ستة الصباح حنا فالطيارة رايحين فرنسا انا وتركي ويزيد,Saudi-English
يعني هي both of them,Saudi-English
بالاضافة طبعا لسلطان ومهند they were believers يعني ماكان عندهم حتى معلومات كاملة,Saudi-English
بس they believed in the cause,Saudi-English
and maybe personally in me بالتاكيد ب اءء اااء اء سمو الامير محمد,Saudi-English
we moved i remember لمبنى الصيانة فالمدينة الرقمية اخذنا نص دور سوينا اول شيء خمسة مكاتب كانت قزاز يعني اتذكر حتى كنت,Saudi-English
جبنا مقاولين خلص خلصنا اول شيء i think خلال اسبوع الخمسة مكاتب,Saudi-English
today we are تقريبا الف ثمان مية وشيء قريب الالفين شخص,Saudi-English
اء مركو الملك عبدالله المالي اء one of the first tenants and i think,Saudi-English
نفس القصة اللي صارت فالمدينة الرقمية ما كان فيه احد الان ال occupancy rate فيها تقريبا تسعة وتسعين بالمية او ثمانية وتسعين,Saudi-English
كلها بركات الصندوق الاستثمارات العامة وبالتاكيد رئاسة سمو الامير انا if it wasn’t for him none of this would have happened at all,Saudi-English
at all يعني,Saudi-English
hands down لولا الدعم اللي موجود والرؤية اللي موجودة عند سمو الامير none of this would have happened ولا في مئة سنة,Saudi-English
ال kpis المؤشرات قياس الاداء اللي موجودة موجود فيها الصندوق,Saudi-English
يعني لما صارت الاستراتيجية وال vision realization program اللي تفضلت فيه برنامج تحقيق الرؤية,Saudi-English
وفي العائد وش اللي تحقق حجم الاصول كان مية وخمسين مليار دولار دولار,Saudi-English
يعني لما تجي للاصول اللي موجودة اللي تم نقلها جالسين احنا نطرحها فالسوق معظمها private اء,Saudi-English
assets او private companies,Saudi-English
كيف نقدر نخليها جاهزة انها تدخل للسوق so هذ هذي القيمة المضافة ب بالتاكيد,Saudi-English
اء ارامكو مثلا جانا منها اربعة بالمية قبلها ما كان فيه شيء اسمه ارامكو يعني كا كشركة مدرجة,Saudi-English
يمكن هذي ابو فيصل كا chairman بس الصندوق وش اضافته الص الفلوس اللي جت من ارامكو جت للصندوق همم البيع ال ال المبدئي,Saudi-English
فا ااء اء هذا علاقة الصندوق في ارامكو ok يعني الان اليوم يعتبر صندوق الاستثمارات العامة اكبر,Saudi-English
ااء shareholder بعد حكومة المملكة العربية السعودية,Saudi-English
ااء so هنا ال وعلى مستوى العوائد وين يمكن انتوا صندوق استثمارات فاهم يعني مؤشر عندكم هو العوائد,Saudi-English
احنا و سوينا impairment على ما اعتقد الى خمسين مليار من قيمتها,Saudi-English
يشوف وش ال cash flows اللي تجي اذا هي ماهي بشركة listed,Saudi-English
فكيف يقيمها يقول وش ال ال اء ال cash flows او التدفقات النقدية اللي موجودة منها,Saudi-English
فلما تجي التدفقات النقدية اللي هي من ال operations من ال finance ومن ال investment,Saudi-English
you have to impare it لازم تحطها صفر فالدفاتر حقتك,Saudi-English
فحنا فالدفاتر حقتنا اربعة وخمسين مليار تم صرفها,Saudi-English
فالدفاتر حقتنا صفر صفر yeah فانت لما تجي يعني تاثر على عائد الصندوق,Saudi-English
ما فيه عندنا ال ال ال box accountant information ما كانت موجودة,Saudi-English
فهذي من الاشياء اللي بدينا بعملها كيف الادارة المالية تصير كيف المحاسبين مراجعين ما كان فيه audited financials لا,Saudi-English
فا it was,Saudi-English
هذا عائد كل الصندوق والا الاستثمارات الجديدة لا لا لا كل كل الصندوق ايه كل الصندوق بمعنى اصول ست مية مليار فيه عايد ثمانية يعني اتخيل خمسين مليار دولار سنويا عا دخل يجيكم,Saudi-English
ااء وفيه بعض السنوات يجي اكثر كدخل خاصة لما بعنا سابك بس its cash flows its not فال income statement,Saudi-English
لكن كا كدخل احنا ال aspirations اللي موجودة الان انه نوصل بين السبعة الى الثمانية بالمية,Saudi-English
فهذي going back لل benchmarking exercise اللي سويناه اول شيء,Saudi-English
كيف نقدر نوصل للعايد يعني جينا فيه شيء اسمه ال efficient frontier,Saudi-English
واللي هي كانت سبعة الى ثمانية فالمية ففيه بعض فيه بعض ال funds,Saudi-English
فا its لما سوينا المحافظ هذي كيف نقدر نوصل لل strategic asset allocation,Saudi-English
اعتقد السنة هذي افضل من كل الاسواق العالمية at some stage we were up like thirty four percent versus eighteen percent السوق الامريكي,Saudi-English
liquidity بدت ترجع بشكل جدا كبير وبتكلم لك عن ال liquidity من الاسباب الرجوع لها,Saudi-English
ااء اضافة لبعض الاستثمارات الدولية اللي موجودة عندنا فيه عندنا some stable invesments زي اللي موجودة فالصناديق اللي هي فال private equity فال public market,Saudi-English
دعم كبير زي اللي صار في lucid lucid استثمرنا تقريبا,Saudi-English
one point eight billion dollars وبعدها another maybe two or three hundred million dollars,Saudi-English
at some stage وصلت lucid الى market cap تقريبا ستين مليار,Saudi-English
من اثنين الى ستين مليار so لا الشركة كاملة ايه احنا نملك كنا,Saudi-English
اء خمسة وثمانين بالمية وبعد ما سوينا ال ipo صرنا نملك حوالي خمسة وستين بالمية خمسة وستين بالمية حقتنا هذي حدود اربعين yeah وصلت,Saudi-English
من اثنين مليار الى اربعين yeah which is تاخذدون فلوسي تستثمرونها طبعا الان انخفضت بشكل بسيط فيه عندنا بعض الاستثمارات مثلا سنابل,Saudi-English
اء كانت سبعة مليار هي كراس مال الان قريب الاثنى عشر مليار دولار,Saudi-English
فا فيه limited كل الاستثمارات هذا and we are very conservative by the way مثلا,Saudi-English
كل المشاريع والاراضي اللي عندنا الان عندنا اراضي مثلا neom لحالها كم حوالي اربعة وعشرين الف كيلو متر مربع,Saudi-English
البحر الاحمر ثلاثة واربعين الف كيلو متر مربع اذا ماكنت غلطان,Saudi-English
القدية اللي هي تعتبر من اصغر ال giga projects فوق ال كانت ثمان مية والان فوق الالف,Saudi-English
هذي ومتى متى تبدون تحسبون قيمة لان هذي جزء ايضا من قيمة المشروع اء اء اء once,Saudi-English
the projects start getting commercial operation ويجي فيه cash flows,Saudi-English
فاما انها تشتغل تجاريا او ينباع جزء منها ينباع جزء منها وقتها حتحسب يبتدي يصير يصير التقييم فا هذي لها ال impact يعني لسا بيصير عندك هذا مؤشر على التحفظ في عمليات التقييمات,Saudi-English
اء لان احنا الان ماشين مع ifrs وال ال طبعا الهيئة المحاسبية الهيئة السعودية للمحاسبين القانونيين,Saudi-English
ال ال standards اللي موجودة فا,Saudi-English
بالتاكيد we dont over value anything actually we impare things فا جدا محافظين يعني ال cfo حقنا ياسر السلمان is very conservative,Saudi-English
when its comes لل لل,Saudi-English
معايير المحاسبيين لت لت لتقييم الاصول والمعايير and everything else,Saudi-English
and كل we dont do it ourselves لحالنا حنا نجيب مقيمين كانوا عقاريين او ماليين او او ال auditors اللي هم المراجعين القانونيين,Saudi-English
انت ال external plus the the internal فا هذا السبب فالطلوع تقريبا لل ااء لل,Saudi-English
فيه عندنا ال bylaws حقت الصندوق اللي هي النظام الاساسي لصندوق الاستثمارات العامة هذا ال هذا الشيء الاساسي,Saudi-English
بعد هذا اللي هو المجلس وش يسوي بعده الصلاحيات اللي عطاها المجلس للجان للمحافظ اه ok ok,Saudi-English
بعدها الصلاحيات هذي الصلاحيات اللي موجودة هنا will go down,Saudi-English
now خلينا نعطيك مثال اذا نبغى نبتدي,Saudi-English
يبتدي الاستثمار يمكن من ثلاث اشياء either,Saudi-English
الادارة نفسها تقول we wanna invest في الشيء هذا,Saudi-English
فيتم دراستها مبدئيا على مستوى الفريق اللي موجود مثلا فالادارة الدولية ان كان هو public ولا private,Saudi-English
بعدها تجي لشيء اسمه ال mic managment investment committee,Saudi-English
managment investment committee كانت الاول برئاستي بشكل كامل الان بعد ما صار فيه نائبين,Saudi-English
بس اذا طلعت ال tickets رقم معين اعلى تجي لي in my capacity as mic او management investment committee,Saudi-English
اذا اعلى المبلغ اعلى تروح لشيء اسمه ال bic اللي هو ال board investment committee او لجنة الاستثمار,Saudi-English
قرار استثماري اللي هو لما اتذكر في عشرين عشرين كورونا يوم دخلنا في كورونا لما دخلنا فالاسواق العالمية,Saudi-English
لكن سمو ولي العهد and my self we were against that position نقول انه هذي فرصة تاريخية نقدر نكسب من وراها,Saudi-English
so we went all the way up لل للملك ففعليا الاعضاء صوتوا ضد ضد صوت الرئيس والمحافظ ضد قرار yeah ومشى هذا الامر وصعد الى,Saudi-English
and thats one of the qualities اللي ماهي موجودة ما اعتقد موجودة في اي,Saudi-English
يوم يكون رئيس المجلس هذا طبعا thats one extreme example فيه examples كثيرة كانت موجودة انه,Saudi-English
تتغير القناعات هذي because we show them show him,Saudi-English
ال evidence اللي موجودة اللي هي تقول انه هذا قرار استثماري سليم او هذا قرار استرام استثماري غير سليم,Saudi-English
وياخذ بالراي اللي موجود من الادارة التنفيذية ومن المجلس ما دامك جبت طاريها كم حققتوا في في استثمارات كورونا,Saudi-English
oh it was really good يعني دخلنا تقريبا يمكن حوالي ما كنت غلطان,Saudi-English
قريب الاربعين بالمية فيها دولار فا it was خلال,Saudi-English
خلال فترة الاشهر الاولية لانه حنا اللي كنا متوقعين tell you the truth,Saudi-English
تكون ال recovery as w shape ولا u shape,Saudi-English
واحتمال بسيط انها تكون v shape انه ينزل ويطلع,Saudi-English
فكانت عندنا احنا ال provision نبغى نشتري بثمانين مليار,Saudi-English
ومانزل ارتد فا فا جاء عائد سريع فا جاء عائد سريع ماقدرنا to deploy المبلغ كامل للاسف,Saudi-English
وبعدين thats a funny thing العالم كله كان يتكلم على الدخول من الصحافة العالمية ما نتكلم على المحلية كان يتكلم على دخول,Saudi-English
فال مع النزول هذا فكان i think ال ال effect للطلوع هذا,Saudi-English
من اساسه اللي هو الدخول حقنا cods because we had to disclose كانوا معظم الشركات كنا نطلع فوق الخمسة بالمية لازم تفصح قريب we have to disclose it,Saudi-English
we have to disclose بشكل شهري وش اللي جالسين نسويه وهنا كانت اتذكر ابو فيصل كثير اسئلة طرحت في ذيك الفترة بانه هل الصندوق مضارب,Saudi-English
ولا هو المفترض انه صندوق سيادي قراراته طويلة المدى ثلاثة اشياء سويناها بالنسبة للدخول فاثناء ال pandemic,Saudi-English
strategic poisitions اخذنا فيه شركات الى الان ما طلعنا منها ما تخارجنا منها ابد,Saudi-English
opportunistic اللي هي نشوف وش الفرصة وندخل فيها ونطلع,Saudi-English
which is makes يعني perfect sense,Saudi-English
الشيء الثالث اللي هو يسمونه rescue financing اللي هي نجي على الشركات,Saudi-English
convertibles قروض تحول الى اسهم او شيء زي كذا فا هذا الاساس اللي كنا داخلين فيه ما كنا داخلين على اساس انه,Saudi-English
ننتهز فرصة ونمشي and thats it كنت اتحدث مع يعني بعض الاصدقاء اللي يعملون فالصندوق وكانوا يقولون لي على التحول الكبير اللي صار فيه موضوع ترشيح,Saudi-English
اللي هي to have the right people,Saudi-English
right processes and systems الاجراءات والانظمة السليمة وال ال اجراءات والانظمة السليمة,Saudi-English
and to have the right product وش وش وش انت تبيع وش انت تبغى تسويه المنتج او الخدمة المناسبة exactly,Saudi-English
اليوم is not about people only its about people الاشياء اللي نسويها,Saudi-English
going back you know ال evidence base والبيانات والمعلومات والاشياء هذي,Saudi-English
اء اسسنا تقريبا if im not mistaken,Saudi-English
قاعدة البيانات اللي موجودة عندنا حاليا فيها اكثر من الف واربع مية potential board member,Saudi-English
لاي شركة نجي نشوف وش ال qualities اللي نبيها فال فال,Saudi-English
ال board member,Saudi-English
وال ال بالاضافة لل education و previous experiences تعليمه وخبراته السابقة صحيح,Saudi-English
لل لل ال composition of مجلس الادارة مثلا نبغى على الاقل واحد,Saudi-English
فالناحية ال governance الحوكمة وال compliance الالتزام والحوكمة,Saudi-English
financial ولا accounting background يكون عنده خبرة مالية او محاسبية نبغى واحد مثلا عنده اشياء استراتيجية نبغى واحد عنده خبرة قيادية,Saudi-English
اذا بيكون chairman of the company,Saudi-English
ونبغى احد يكون عارف ال buisness,Saudi-English
فا اذا مالقينا احد يعرف ال buisness من محليا نجيب ناس اجانب,Saudi-English
and were not were not gonna stop,Saudi-English
سعوديين لكن we dont mind انه يكون عالعكس we encourage انه تجي خبرات من الهند من امريكا من,Saudi-English
ف we go out and look for the best qualities على حسب ال profile اللي موجود فالشركة تتحول الى ارقام هذي كلها ارقام,Saudi-English
تحت ادارة chief of staff اللي هو رئ رئيس كب كبير الاداريين,Saudi-English
عنده كذا vertical وحدة منها اللي هي ال board composition,Saudi-English
تروح لادارة im sorry لجنة اسمها ال pcnc اللي هي portfolio companies nomination committee,Saudi-English
ولازم والاعضاء اللي موجودين لهم النائبين الاثنين والمدير الاستثمار العقاري وال giga projects كبير الاداريين ال general counsel,Saudi-English
اء i think thats it,Saudi-English
وال cfo وال كمان ال coo,Saudi-English
once اذا الشركة غير استراتيجية وقف الموضوع هنا,Saudi-English
اذا الشركة استراتيجية بعد هذي تروح لل bic,Saudi-English
اللي هي معليش انا جالس اعطيك معلومات بالعكس بالعكس يمكن مملة بالعكس بس تروح للجنة اللي هي bic board investment committee او لجنة الاستثمارات التابعة للص لمجلس الصندوق,Saudi-English
بعد ما يخلصون منها either وافقوا على ترشيحات او يرفضوها,Saudi-English
فا its not based on friends and family يعني لو اطلب منك الحين تتوسط لي اصير فشركة البحر الاحمر ما حتضبط هاه,Saudi-English
تدمرون الاقتصاد القديم او او القطاع الخاص اللي اليوم يشتكي احيانا من مو احيانا دائما من انه الصندوق ينافسنا not anymore ما اعتقد يشتكون الان,Saudi-English
give me an example كنت اجلس مع كذا كنت اجلس مع كثير من الوزراء يقولوا فلان يقول ومدري,Saudi-English
قلت لهم give me an example,Saudi-English
فتضطر الدولة انها تجيب منشاتها الامنية لتحرس بعض المواقع exactly,Saudi-English
and then شلنا المجلس التاسيسي وسويناه تحت الصندوق يعني الادارة فالصندوق هي اللي تمشي فالفكرة الاساسية,Saudi-English
ال security guards حقين ارامكو من افضل ال security guards اللي موجودين فالبلد اذا ما كانوا الافضل,Saudi-English
و most likely هم الافضل,Saudi-English
so in my capacity as chairman of ارامكو تكلمت معاهم قلت لهم اذا ممكن,Saudi-English
فا اخذنا ال ال ال model اللي موجود في ارامكو سويناه في شركة سيف,Saudi-English
اكيد فيه بيكون مقابل يعني حنا شركة تجارية صندوق الاستثمارات فا لكنه استثمار ما يعتبر expense,Saudi-English
حتى وزارة الداخلية فيه اشياء كثيرة ماتبغى تكون فيها anymore فصارت سيف هي اللي replacement او اي واحد accredited,Saudi-English
الافراد اللي موجودين صارت رواتبهم ممتازة يعني relatively speaking بدال ماهي مثلا,Saudi-English
x صارت يمكن three four xs or اكثر ولا اقل,Saudi-English
فا everybody is winning,Saudi-English
ال ال الخدمات اللي صارت مقدمة صارت خدمات امنية صدقية ماهيب بس فالشكل انه حاط رجل امن,Saudi-English
حتى الملابس اللي موجودة يعني قلنا ال uniform,Saudi-English
there should be some,Saudi-English
يعني لما تجي على doorman في نيويورك تشوف اللبس اللي لابسه,Saudi-English
والقطاعات الاخرى مثلا موضوع روشن فالاسكان amc فالسينما اء exactly مثلا,Saudi-English
اء ال models اللي كانت موجودة مثلا فالكويت معطى لشركة او شركتين فا باقي دول الخليج مختلفة من دولة الى اخرى,Saudi-English
so اء يوم تم اقتراح السينما كنشاط يكون موجود,Saudi-English
basically الصندوق paved the way يعني هو اللي عبد الطريق قدام,Saudi-English
اليوم فيه الظاهر اكثر من ستة شركات فالسينما وبعضها اكبر منكم yeah,Saudi-English
منافس بس وش الخط الفاصل بين انك تدخل في قطاعات او ماتدخل قطاعات اخرى وش اللي يحدد مافيه خط فاصل اي قطاع نشوفه underdeveloped,Saudi-English
ولا underserved ندخل فيه,Saudi-English
فا its better for us to على قولتهم hit the ground running بدال ماتنزل وتعيد تاسيس تاسس خذ هذي الشركة وسويها,Saudi-English
وشوف وش الاشياء اللي ناقصة فيها,Saudi-English
وادخل معاهم we did it we did it شركة زي اكوا باور شركة عظيمة قبل لانجيها وصارت اعظم بعد ماجيناها,Saudi-English
يوم دخلنا فيها زودنا النسبة حقتنا وبعدين دخلناها في السوق الاسهم المحلية والان من افضل الشركات performance فسوق الاسهم المحلية,Saudi-English
we gave them access ل مشاريع للمشاريع اللي renewable energy الطاقة المتجددة,Saudi-English
فا يعني لما تشوف هذا الاشياء كلها روشن مثلا you mentioned روشن روشن initially اكثر المظورين العقاريين,Saudi-English
كانوا يتوقعوا اننا بناخذ الشغل من عندهم no we did not,Saudi-English
سوينا البنية التحتية سوينا ال master plans سوي جبنا everything,Saudi-English
and عطيناهم two things,Saudi-English
تعال طور فيها سو اللي تبيه only,Saudi-English
within الكود حقنا الكود حقنا,Saudi-English
so were working عالعكس يعني,Saudi-English
just نعبد الطريق او paving way للقطاع الخاص انه يشتغل معانا,Saudi-English
كل هذي الشركات وتتاكد من يعني اداءها its again its,Saudi-English
its an institution its not about فرد واحد ولا شخص واحد هو اللي يديرها,Saudi-English
havent said that فيه تقرير biweekly,Saudi-English
فا and طبعا قبل لاتجيني هذي فيه عندي ال chef of staff,Saudi-English
اء لل لل pmo,Saudi-English
يتابعوا مع كل ال portfolio companies وش اللي جالس يصير,Saudi-English
فا its systematic and يعني its again going back لل الافراد وال الانظمة الاجراءات والانظمة وال هذي فا its,Saudi-English
اء regardless قائدها او مح غير محلي انا جلست بهذي الادارة قبل لا ناسس فيها يمكن اكثر من سنتين ادور to the right profile,Saudi-English
pe managers حق يعني اقتصاديين او college professors انه واحد من الجامعة يجي,Saudi-English
او ناس حقين ملكية خاصة ملكية الخاصة اللي هي private equity,Saudi-English
و i met so many people tell you the truth انه interviews وذا and it didnt work out اخر شيء,Saudi-English
لقيت jerry todes jerry todes كان في mckinsey من زمان,Saudi-English
and he did an يعني انا يوم كنت فالقطاع الخاص كنت انظر كمنافس لي الوحيد جدوى جدوى ok,Saudi-English
وهو he is the guy who was behind فهو قريب من السوق المحلي فاهم عارف السوق المحلي بشكل جدا ممتاز,Saudi-English
وعنده he ticked most of these boxes,Saudi-English
طبعا شفت من كل مكان بالعالم ما هو بس من السعودية and i couldnt find the right person and i think انه he wa he is the right choice,Saudi-English
انه ok فيه عندنا استثمارات محلية عندنا استثمارات دولية عندنا استثمارات عقارية عندنا استثمارات فال giga projects عندنا استثمارات فال,Saudi-English
ال sector development عندنا,Saudi-English
وعندنا ال kpis هنا وعندنا ال kpis هنا i need somebody,Saudi-English
to lock على كل الاشياء هذي,Saudi-English
and to see how we can link,Saudi-English
so اء thats his role,Saudi-English
الان كون ادارة and its growing,Saudi-English
and were working on it فا اء on how to improve يعني كيف نطور ال,Saudi-English
اداء الادارة and الحمد لله الان were doing extremely well يعني مثلا اعطيك احد الامثلة,Saudi-English
المشاريع هذي اللي عندنا العقارية وال giga projects وال ذا,Saudi-English
they need حديد they need اسمنت they need قزاز,Saudi-English
they need ceramic they need رخام they need اسلاك,Saudi-English
بالنسبة لنا نجي ننظر للسوق المحلي مين موجود يقدر يوفرها مين ماهو موجود نقدر نجيبه من سوق اء من السوق الدولي we buying them,Saudi-English
we do the jv هنا ويصير فيه عندنا local content محتوى محلي فاليوم كم المستهدف بالنسبة لكم وكم الواقع فالمحتوى المحلي,Saudi-English
اضافة للعائد الاستثماري طبعا كل هذا الاستثمارات لازم يكون لها عائد استثماري مجزي و as per our threshold يعني minimum of seven percent,Saudi-English
than نبغى ننظر كيف نقدر نوصلها الى سبعة بالمية,Saudi-English
so بتكون فيه مشاريع ذات عائد استثماري مستهدف مننا,Saudi-English
لازم يكون ال economic multiplier او المعامل الاقتصادي حقها او المضاعف الاقتصادي حقها اكثر من واحد او مئة بالمئة,Saudi-English
so i just give an example معظم الاستثمارات الحكومية السابقة طبعا كانت ups and downs,Saudi-English
جزء من الريال هذا يروح يعني it went as low as thirty three cents فالريال اللي تنفقه الحكومة اللي يبقى فالاقتصاد او ثلاثة وثلاثين هللة وستة وستين هللة,Saudi-English
لازم المعامل الاقتصادي حقه او المضاعف الاقتصادي يكون مثلا اكثر من واحد او واحد فاصلة اربعة sometimes الى اثنين توصل,Saudi-English
and the other thing اللي هو ال اضافة لل economic multiplier وش بيجيب بالنسبة للوظايف,Saudi-English
مليون وثمان مئة الف وظيفة yeah رقم ضخم,Saudi-English
هذي شركاتكم والشركات اللي تتعاملون معاها كل الش كل ال portfolio companies وال eco system اللي انا نسويه,Saudi-English
روشن ماهي لحالها تشتغل تشتغل مع contractors تشتغل مع مطورين مصانع مع مصانع فهذي كلها هذي كلها اربع مية الف,Saudi-English
سابقا كانت والجاي الخمس سنوات الجاية مليون مليون وثمان مئة الف وظيفة مليون وثمان مئة i think its doable يعني,Saudi-English
يعني مابغى اقول مابغى اقول انها its doable يجي الامير يقول its doable يزيد ومافيه مانع ترا تتزاد بس يعني بس خل نبدا بهذي خل نبتدي بهذي بس السؤال ابو فيصل من وين بتجيبونها يعني هذي ميتين مليار سنويا,Saudi-English
فال vrp حقنا,Saudi-English
قلنا نبغى نوصل الى مليار وستة واربعين im sorry ترليون وستة واربعين مليار دولار,Saudi-English
حنا الان تقريبا were short we اقل من سبع مية,Saudi-English
so we still need تقريبا ثثث قريب الاربع مئة مليار,Saudi-English
اء dollar,Saudi-English
لهذا الحجم من الاصول ايه على شان نوصل لهذا الحجم من الاصول طبعا again فيه ال اء ال injections اللي تجينا من من الحكومة,Saudi-English
فا we have a full plan من هنا الى الفين وثلاثين,Saudi-English
كيف نقدر نوصل اول شيء للم للترليون بعدين كيف نوصل الى between two to three سمو الامير مصر على three ايه trillion dollars,Saudi-English
ايش العوائد المالية اللي نطمح لها ايش هو ال risk اللي نقدر نوصل له,Saudi-English
امم first of all قبل لا اجاوب على او ما اجاوب همم على السؤال حقك,Saudi-English
فيه عندنا حنا زي ما قلت لك طال عمرك five step approach لاي استثمار ندخل فيه كيف يبتدي,Saudi-English
من actually its six if you wanna consider zero لانه فيه عندنا مرحلة قبل واحد او صفر دراسة وبعدين واحد اثنين ثلاثة,Saudi-English
اربعة اللي هو التشغيل خمسة تخار تخارج how do you exit اي استثمار,Saudi-English
تدخل فيه وماعندك exit مفروض ماتدخل فيه ماعنده يعني حتى لمن نستثمر في اي دولة,Saudi-English
اول شيء نسال عنه do you have capital controls,Saudi-English
من المفاوضات اللي سويناها we took استثناء استثناء لل capital control,Saudi-English
صحيح so i can not be an investment,Saudi-English
وماقدر اطلع منه حتى ال ever green investment المفروض انك تقدر تطلع منه,Saudi-English
فنجي الحين للسؤال اللي ماحد جاوبه so هذا هذا التخارج الاول,Saudi-English
فيه بعض الشركات مثلا تخارجنا من سابك بشكل كامل we sold it to ارامكو,Saudi-English
and it was one of the greatest things بالنسبة لارامكو صارت بالنسبة لسابك,Saudi-English
synergies اللي موجودة من من من ال ال,Saudi-English
فا whats good for us اليوم could be better for somone else,Saudi-English
فا at the end of the day التخارج حقنا ماهو معناه انه شيء سلبي,Saudi-English
هل سابك كانت بتنمو بالشكل اللي نمت فيه الان لو هي باقية كا share holder pif no,Saudi-English
لما جاء ال share holder تغير صار فيه نمو,Saudi-English
فا it doesnt mean its a negative thing او معناه انه استثمار فاشل او استثمار نبغى نتخلص منه,Saudi-English
its diffrent استثمار ناضج وخلاص انتهى عندنا ناضج ايه,Saudi-English
عندنا ناضج but it will be rejuvenated with someone else and thats what happened,Saudi-English
اء يعني اعادوا الحوي الحيوية فيه من من synergies مختلفة ابو فيصل كنت بسالك على قطاع,Saudi-English
newcastle اء واستثمارنا في النادي يعني عالعكس,Saudi-English
الترفيه which was something يعني كان الترفيه الوحيد اللي موجود فالمملكة مطاعم نروح ناكل yeah نروح ناكل,Saudi-English
ومانلعب فيعني its like so وللاسف كان,Saudi-English
امم now going back to savvy سافي فال اء فال اي,Saudi-English
gaming والالعاب الالكترونية ومسابقات الالكترونية,Saudi-English
طبعا سافي its like five different pillars you have the bank you have infasrtuctrue you have the fund,Saudi-English
you have the operations and you have ال اء ماكنت غلطان المسابقات نفسها,Saudi-English
فا ال verticals هذي الموجودة بعد ماشفنا كل القطاعات اللي موجودة بالنسبة egaming ال egaming,Saudi-English
اذا تبغى تشوف ال egaming today فالاقتصاد العالمي its one of the fastest growing,Saudi-English
هذا بالارقام بالارقام طبعا one of the fastest growing sectors يعني,Saudi-English
وتبغى تشوف انت وين تبغى تستثمر you wanna invest in the ip in the software and the hardware,Saudi-English
مثلا الاستثمار فال hardware of video games ولا هذا maybe its not the best thing right,Saudi-English
لانه فيه منافسات ثانية تجي من ال computers من الاشياء الثانية,Saudi-English
فا اكيد انه جالس its ticking all the boxes حقت الرؤية عشرين ثلاثين but at the same time,Saudi-English
it will be one of the best investments بالنسبة لنا كعوائد ايه كعوائد بالتاكيد كعوائد استثمارية فانتوا قراركم استثماري بحت استثما شوف,Saudi-English
لابد يصير استثماري لانه اذا ما صار استثماري its not gonna be sustainable and if not sustainable its مشروع فاشل,Saudi-English
انه يجيك subsidy من الدولة يجيك دعم حيوقف يوم من الايام,Saudi-English
اذا غلبت الروم خلنا نشوف وش الدعم اللي ممكن يجي لكن ما نبتدي تفكيرنا لا ابغى دعم الفلاني والفلاني no it doesnt work that way,Saudi-English
كيف نقدر نسويها efficiently if we cannot lets see وش الدعم اللي ممكن يجي,Saudi-English
والدعم is it مثلا دعم نقدي,Saudi-English
فا و newcastle,Saudi-English
newcastle اسف ابو فيصل هنا الناس تتكلم على اول شيء,Saudi-English
الله يقويكم so بس بشكل عام وش يعني كيف تفسر هذي so كرة القدم يعني زي ما قلت لك الرياضة هي جزء من الثلاث طعشر قطاع اللي,Saudi-English
why the epl ليش الدوري الانجليزي لانه هو اعظم دوري موجود الان فالعالم,Saudi-English
ثلاثة فرق يصير لها relegation وثلاثة فرق يصير لها promotion ناس ثلاث فرق تنزل وثلاث فرق تصعد من الدوري اللي تحته,Saudi-English
منافسة عالية منافسة جدا عالية هذا معناته مشاهدات اعلى بالضبط so,Saudi-English
لما ناظرنا لها نظرنا لها من ناحية مالية and by the way it wasnt the first,Saudi-English
offer يجينا على فريق شفنا في ايطاليا وشفنا في فرنسا,Saudi-English
only ثلاثين فالمية ومالنا اي علاقة فالادارة,Saudi-English
وحنا اشترينا newcastle,Saudi-English
كان معروض علينا مية بالمية لكن اء اللي جابوا لنا الفرصة amanda sevry هي وزوجها,Saudi-English
قالوا we would we like it so much we would like to be with you قلت ممتاز,Saudi-English
بعدين جو الRobin family اللي هم من اكبر المطورين العقاريين قالوا we would like to come with you هم من اكبر المطورين ف newcastle قلت ممتاز,Saudi-English
خلهم يجون فا they have now skin in the game يعني skin in the game صاروا جزء من النجاح ومن الفشل exactly,Saudi-English
شرينا الفريق كامل بثلاث مية وخمسين versus ثلاث مية ثلاثين بالمية بسبع مية اء اء مليون,Saudi-English
versus تشيلسي توه منباع,Saudi-English
is to go from ثلاث مية وخمسين الى على الاقل ثلاثة three point five thats ten times the money,Saudi-English
versus لو اشتريته اليوم كم بيطلع اربعة مليار خمسة مليار,Saudi-English
ما مايجيب لك اقل من مئة فالاختيار استثماري بحت استثماري بحت so thats why one number two newcastle,Saudi-English
newcastle united football club,Saudi-English
يعني معظم المدن فيها اكثر من نادي newcastle كل newcastle وراك,Saudi-English
تسع مئة وخمسين الف تقريبا واكثر من مليون في المنطقة موجودين كلهم fans,Saudi-English
we have now تقريبا between fifty two thousand seats فالملعب,Saudi-English
كلها sold out يعني لما تنظر لها من كل النواحي اللي موجودة ال potinitial اللي موجود عندنا الان مثلا chef of the chefs strategies,Saudi-English
مع ال international,Saudi-English
investments their looking على الاشياء العقارية وال infastructrue اللي بنسويها ان شاء الله,Saudi-English
في المنطقة فال potential,Saudi-English
goin forward للاستثمار الرياضي حقنا,Saudi-English
بتكون صعبة الا اذا اخذنا some incubators يعني اندية اصغر علشان to incubate into this,Saudi-English
مالها حس هل هي متعثرة هل فيها مشاكل وش قصة المحفظة العقارية روشن is doing extremely well overlapping speech روشن تبع ال giga project ماهي تبع المحفظة العقارية,Saudi-English
انا اتكلم مثلا على تطوير وسط المدن نتكلم عن رؤى الحرم المكي نتكلم روشن ترا بدت هناك وانتهت هناك وكبرت راحت هناك كانت لانه الاول ال mandate حقها كان اقل بعدين كبر ال mandate,Saudi-English
فانتقلت فانتقلت الى ال giga projects بالنسبة للمحفظة العقارية,Saudi-English
فيه عندنا مشاريع كثيرة فال pipeline,Saudi-English
وقت طويل فال planning خاصة if you want to have the right,Saudi-English
models وال right plans وكيف تقدر,Saudi-English
تخلي ال plans,Saudi-English
فاذا تبغى تطورها هناك كيف تقدر تطورها ايش هو ال proposition تخلي المدن والقرى اللي حولها يجون لها,Saudi-English
same thing مثلا في نجران,Saudi-English
انعرض كذا موقع ومواقع هذي مثلا وزارة البيئة كانوا يبونها وزارة وزارة اخرى كانوا يبونها فا it takes time,Saudi-English
علشان تاخذ ال logistics هذي and it takes time to find right design,Saudi-English
and the right proposition بالنسبة لل انها تخليها,Saudi-English
how can we modernize الطراز السلماني,Saudi-English
design غيرنا كثير من ال ال designers اللي ممكن يجون ولهم خبرة مناسبة,Saudi-English
و the same thing is applicable مثلا لي اللي بنسويه في الخرج اللي بنسويه في القطيف اللي بنسويه في مكة,Saudi-English
يعني ok maybe it looks good بس,Saudi-English
فا yeah هذي الاشياء تاخذ وقت بعدين,Saudi-English
يوم تشتغل مع ال designers مع المهندسين it takes time يعني هذا الاشياء يعني i will give you an example اللي هو كافد,Saudi-English
it was supposed to be delivered في الفين واثنعش الى الان its not fully operational,Saudi-English
طريقة ال planning كانت,Saudi-English
يعني تشوف العماير اللي موجودة ok the on الشيء الواصل الوحيد بينها اللي هي الجسور الجسور اللي موجودة بس ما,Saudi-English
يعني لما تجي على ال efficiency اللي موجودة في بعض العماير,Saudi-English
تلاقيها اقل من خمسين بالمية ال efficiency اللي هي,Saudi-English
ال average فالعالم مابين خمسة وسبعين الى خمسة وثمانين بالمية,Saudi-English
في اقل من خمسين اقل من خمسين yeah,Saudi-English
فهذي امثلة على انه عدم التخطيط الكافي عدم التخطيط يؤدي الى هذي yeah يؤدي الى نتائج يعني اكارثية وتطول اكثر من لو اخذت وقتك فالتخطيط exactly فا حنا we dont mind انه ناخذ,Saudi-English
as long as انه التنفيذ عندنا بيكون,Saudi-English
طبعا فيه عندك الخطوط السعودية وفيه flynas وفيه كذا شركة خاصة للخطوط,Saudi-English
الخطوط السعودية بالشركات الخطوط العالمية المتقدمة مثل الان كان singapore air,Saudi-English
وبعدين جات طبعا ال emirates الاماراتية,Saudi-English
نقطة الخلاف الاساسية اللي هي one hub,Saudi-English
ولا multiple hubs,Saudi-English
الخطوط السعودية المفروض عندها three hubs,Saudi-English
اذا تبغى تنجح لازم يكون عندك one hub,Saudi-English
وبعدها يعني direct flight مثلا من الرياض نفرض ان الخطوط بتكون ال hub حقها الرياض,Saudi-English
بس ما تقدر تجي مثلا من عرعر الى نيويورك direct,Saudi-English
او من عرعر الى عمان direct يمكن بس,Saudi-English
افضل انه يكون عندك one hub,Saudi-English
so الخطوط اللي بتكون موجودة its one hub,Saudi-English
ال fleet اللي بيكون موجود,Saudi-English
فا علشان تقدر يكون فيه عندك efficiency للطيارين قطع الغيار exactly الصيانة نفس الشيء ال catering everything else,Saudi-English
going back لل methodology اللي احنا عادة نتبعها فالصندوق,Saudi-English
وهذا اللي جالسين نسويه وفيه ناس تقول طيب ليش ما صلحتوا الخطوط السعودية ليش ما استثمرتوا فيها وانطلقتوا من هناك الخطوط السعودية جالسة its serving what a يعني الاشياء اللي موجودة,Saudi-English
لكن again the business model حق الخطوط السعودية,Saudi-English
اللي هي ال multi multi hub,Saudi-English
الخطوط الامريكية معظمها متعثرة because عندهم multi hub,Saudi-English
فا هي الخطوط الجديدة حتكون من الرياض single hub,Saudi-English
فئة business ولا فئات يعني it depends on the demand طبعا you cant have طيارة كلها business يعني سوتها الظاهر,Saudi-English
فا i i dont think its the right propositionمتى متوقع انطلاقها,Saudi-English
yeah والمطار ال خلاص ال,Saudi-English
ال ceo جاينا ان شاء الله خلال شهر او,Saudi-English
and they dont have to be سعوديين فقط,Saudi-English
softbank يمكن هو من اكثر الاستثمارات المثيرة,Saudi-English
واللي ذكر في لقاء مع david,Saudi-English
كنت تقول انك rubenstein ايه كنت تقول انك مبسوط لانه حققوا لك تسعة مليار,Saudi-English
دولار عوائد في ذيك اللحظة yeah,Saudi-English
بعد الخساير اللي قاعد يمنى بها الصندوق yeah ال يعني لما,Saudi-English
softbank vision fund let me just take maybe few steps back ياليت بس اعطيك some context,Saudi-English
كيف دخلنا فا softbank,Saudi-English
so اتذكر يعني من ال sessions اللي كنت اجلس فيها مع سمو ولي العهد,Saudi-English
نتكلم عن ال aspirations اللي موجودة وش نبغى نسوي فالصندوق,Saudi-English
فا كان he was always referring ل يرجع يقول,Saudi-English
نبي نكون فال artificial intelligence الذكاء الاصطناعي نبي نكون فال robotics,Saudi-English
نبغى نكون فال life science,Saudi-English
نبغى نكون فال internet of things,Saudi-English
هذي الاشياء الاساسية لانه هذي التوجهات المستقبلية,Saudi-English
حنا again يعني يمكن انت تكلمت قبل كذا على الاقتصاد القديم والاقتصاد الجديد,Saudi-English
it happened انه قابلت تقابلت انا مع sama masa son,Saudi-English
اغنى رجل فالعالم back in nineteen ninety nine بضع ساعات,Saudi-English
خسر تقريبا ninety seven percent of ثروته ورجعها في استثماره علي بابا,Saudi-English
so masa تكلم عن الرؤية حقته وقال im gonna put,Saudi-English
ثمانية وعشرين مليار بيحطها دولار في fund,Saudi-English
اللي هي internet of things robotics,Saudi-English
artificial intelligence مفصلة عليكم and life science,Saudi-English
قلت له ok وبدا يتكلم هنا وهنا,Saudi-English
فا تكلمت مع الامير قلت له i have this guy who i met before و i met him في في طوكيو,Saudi-English
اذا مافيه عندك مانع تشوفه قال ok ممتاز,Saudi-English
so جاء شافه,Saudi-English
الامير يعني مرة قال ok,Saudi-English
is forty five billion what you want احنا نستثمرها,Saudi-English
ليه قال الامير هذا الشيء على الرؤية thats one,Saudi-English
number two كنا جالسين نتكلم نبغى نستثمر,Saudi-English
كيف نقدر نوصلها ثلاثين بالمية by the way الحين نزلناها الى range between twenty to twenty five,Saudi-English
no singal asset manager موجود اليوم,Saudi-English
فهذا من الاسباب الاساسية اللي اللي دخلنا فيها مع softbank vision fund,Saudi-English
they are not doing as good as,Saudi-English
ال proposal اللي كان موجود وبالتاكيد مع انخفاض الاسواق العالمية الان,Saudi-English
ال performance حقهم اقل و اتذكر انك قد طلعت اظن financial times كانت تقول بانه,Saudi-English
استثمار السعودية فال vision fund,Saudi-English
ايه وفيه so we invest in two things,Saudi-English
فال preferred وفال equity,Saudi-English
ال preferred فيه عندنا سبعة بالمية,Saudi-English
بس we dont take the upside يعني هذا بس المضمون,Saudi-English
والباقي يكون فال equity ال equity فال تعرف كم التقسيمة تقريبا وش اكثر ماكنت غلطان هي خمسة وعشرين خمسة وسبعين,Saudi-English
او ثلاثة وثلاثين ستة وستين im really not sure بس وش الاكثر,Saudi-English
الاكثر اللي هو المضمون ال preferred yeah اه ok فانتوا صار لكم خمس سنوات تاخذون هذا ال النسبة الثابتة yeah,Saudi-English
ok و في القادم من الايام شفنا انه ما تكررت التجربة وصرتوا انتوا تروحون تستثمرون بشكل مباشر,Saudi-English
ل نظرا لانه ما كانت مجدية ماهي مرضية no no شوف,Saudi-English
يوم when we started كان عدد الموجودين في صندوق الاستثمارات العامة يمكن مية مية وخمسين شخص today were like,Saudi-English
and by year end will be over two thousand i think,Saudi-English
اضافة لذلك our direct investment اليوم افضل بكثير performance حقها,Saudi-English
اليوم عندنا office in new york office في london,Saudi-English
office في hong kong so this will give us access,Saudi-English
لل deal flow,Saudi-English
will give us access لل الناس بيكون موظفين طبعا من الصندوق اضافة لموظفين,Saudi-English
and to be active فال investments هذي,Saudi-English
متى نقدر نشتري سياراتنا فالرياض lucid,Saudi-English
موجودة بس ما تنباع لسا الا جبنا كم so المشكلة الاساسية في,Saudi-English
فيها وطبعا its a listed company ماقدر اعطي تفاصيل عنها اكثر لكن على حسب,Saudi-English
المعلومات العامة متاخرين كثير فالانتاج متاخرين على شان ال supply chain,Saudi-English
there still يعني جالسين يتعاملون مثلا lucid كلها قزاز صح,Saudi-English
يعني من ذا ال one shield من قدام ومن وراء والسقف,Saudi-English
so الناس اللي يقدروا يسووا هذي الخدمات قليلين,Saudi-English
and فيه ال quality assurance مشاكل فيها يعني لازم تكون كل شيء hunderd percent عشان لا يصير لها recall ولا ذا,Saudi-English
غيرت كثير من ال processes والانظمة حقتهم,Saudi-English
فهذي كل الاشياء لما تجتمع مع بعض تخفف الانتاج and what im hopping for,Saudi-English
what am hopping for انه to achieve at least numbers اللي اعلنوا عنها,Saudi-English
all the incentives اللي جت من جهات عديدة من الحكومة,Saudi-English
فال lucid air اللي هو اللي موجود حاليا,Saudi-English
لكن eventually we wanna do suvs لانه نبغى السيارات اكثر,Saudi-English
بس عشان وقت وقتك ماودي اننا نطول عليك you had access i think فهد سيف already طلع معك صحيح,Saudi-English
بس طلع بالقبعة القديمة اما معانا بالقبعة القديمة القبعة الجديدة يعني نتشرف انك اول ضيف من الصندوق الله يسلمك شركات الصندوق يعني شرفونا,Saudi-English
وندخل في تفاصيل شركاتها عشان هم فقط اثنين نواب لكن كلهم من the same level ممتاز اي يعني الاخرين chef of staff,Saudi-English
مدير الاستثمار العقاري وال giga projects cfo coo فهل هذا توجيه مباشر لهم,Saudi-English
انهم yeah بالتاكيد يشرفوننا بالظهور بالتاكيد ابو عبدالعزيز اول واحد بالتاكيد اء طيب انا بختم ابو فيصل,Saudi-English
what i didnt learn هو يعني وش الاشياء اللي ماتعلمتها الصراحة يعني تعلمت منه الكثير,Saudi-English
اء يمكن انا فالسن اكبر من سمو الامير لكن تعلمت منه الكثير,Saudi-English
and امم,Saudi-English
what i liked about him ماهو بس المعلومات اللي عنده,Saudi-English
its ما يعني فيه ناس يقولك ok هذا المعلومات اللي عنده سطحية ال depth اللي موجود فالمعلومات,Saudi-English
يعني even i was discussing with him once على,Saudi-English
ال golf he was talken to يعني he knew about golf كل مضرب كيف الزاوية حقته ومن الكلام ذا,Saudi-English
he knows very well على,Saudi-English
ال اء ال design,Saudi-English
يشوف the macro كيف يقدر ينزل لتحت,Saudi-English
اذا احتاج الامر انه يشوف ال macro,Saudi-English
اذا الكلام حقه crap يقولوا له انه كلامك crap ماهو بصحيح,Saudi-English
same thing is extricular نفس هذا صار صار الموضوع هذا عندي اكثر,Saudi-English
regardless الشخص اللي اتعامل معاه,Saudi-English
بعيد قريب عزيز غير ذلك i have to listen للشخص اللي قدامي,Saudi-English
الواحد يتوقع انها صغيرة بس once you operate all together,Saudi-English
يكون الواحد اكيد الواحد sometimes المفروض يكون عاطفي لكن افضل انه يكون,Saudi-English
rational وعقلاني اكثر هذي من الاشياء اللي تعلمناها يعني انا و,Saudi-English
كيف الواحد يكون rational اكثر,Saudi-English
ال capacities اللي موجودة عندك,Saudi-English
on how you can utilize it كيف تقدر تستخدمها,Saudi-English
فا هذا من الاشياء اء كيف الواحد يقدر يرتب ال priorities,Saudi-English
ترتيب ال priorities جدا مهم وش ال الاولويات,Saudi-English
لما صرت اشتغل معه كيف الواحد to see the big picture,Saudi-English
you dont go sometimes يعني مثلا من ال الاشياء اللي تفشل كثير,Saudi-English
من ناس متعلمين وذوي خبرات كبيرة اللي هي going,Saudi-English
to much on the details and forgetting about the big picture,Saudi-English
لازم يكون فيه عندك زي عدسة zoom,Saudi-English
ثلاثة مليار ثلاثة ترليون دولار by twenty thirty هذي نبغى نثبتها وناكدها,Saudi-English
اول شيء الفلوس دخلت فالحساب الشركة مو حساب اح مو حساب احمد شوي شوي جاء لاحمد فيه شوية exit والا ما حنعلم بس فيه شوية جاء اوكي و و طبعا اء,Saudi-English
اء يعني بداية خلنا نقول foodics كانت,Saudi-English
اء ميزتها الاساسية انها عاصرت مراحل قبل ال الرؤية وبعد وبعد الر ما قبل الرؤية وقبل eco system او او منظومة,Saudi-English
و وما بعدها فا فنقدر نشوف ايش الاثر والفرق yes اللي اللي يحدث عليكم فاللي ابغاها منك او اللي,Saudi-English
التعرف على مصعب yes وهذي نستعرضها بشكل سريع بعدين نروح لمرحلة ال ok,Saudi-English
اء ولادة foodics كا software فهمت عليك كيف صارت ايش ال ايش كان وقتها ok يقدم ايش مشاكله,Saudi-English
ثمن مرحلة اليوم اللي هي التوسع التوسع اللي ممكن يكون عبر استحواذات yes yes او توسع جغرافي او الى اخره بالضبط,Saudi-English
و ولادة الفكرة والتعرف على مصعب اللي هو شريكك ok,Saudi-English
ايام ما كنت individual انزل اعلان بميتين ريال انه اصنع تطبيقك,Saudi-English
ب بكذا ريال وكنت تعرف تبرمج وانا كنت ابرمج واصمم واسوي كل شيء يعني كنت full stack وقتها يعني ايه,Saudi-English
coffee بسويه كم جاك على الاعلان هذا من من شخص يعني ط,Saudi-English
وعشرة بالمية منها كان فعلا serious اء يبون يطورون تطبيق,Saudi-English
و وهنا واحد منهم كان يبي يسوي coffee ورحت له,Saudi-English
و وقال لي احمد شوف تطبيق starbucks ابي اسوي زيه,Saudi-English
قلت له ابد اتفقنا على السعر دفع لي down payment وبديت اشتغل على التطبيق,Saudi-English
وقتها كنت انا ومصعب نذاكر فال فال coffee shops زي اي طلاب فالجامعة,Saudi-English
مصعب هو مصعب الشريك المؤسس ايه الشريك هو ال rommate هو ال rommate,Saudi-English
مو rommate يعني هو ال rommate مصعب يعني محمد ابو عبيدة بس باقي ما وصلنا له اه بس انكم في نفس الدفعة ايه نفس الدفعة كلنا تمام,Saudi-English
بعدين اء كنا انه غالبا كانوا يس يعطونا ال menu ورقي,Saudi-English
وكان اذا بيغيرون الاسعار يحطون sticker على السعر طريقة غير,Saudi-English
تعطيه للمطعم بطريقة انيقة و و cost effectint يعني انك ما تحتاج تطبع,Saudi-English
كل ماتبغى تغير ال menu عندك ال portal,Saudi-English
ودخلته في موضوع ال menu ايه وصار عندكم,Saudi-English
ipad ipad تطلب منه بس بس,Saudi-English
وطابعة جنب ال point of sale,Saudi-English
ياخذ الطابعة يدخلها مرة ثانية point of sale اللي هو اللي هو نظام نقاط البيع نقاط البيع ال casher يدخلها ال casher,Saudi-English
هنا لقيت فيه gap,Saudi-English
ال gap انه ليش,Saudi-English
ما اربط ليش ما الطلب يروح من ال,Saudi-English
ال ipad الى الى ال casher,Saudi-English
يعني اطبعها با prienter واعيد كتابتها كتابتها,Saudi-English
فبديت اخاطب شركات ال point of sales ما احد عطاني وجه,Saudi-English
فقلت you know what lets build it مين اشهرهم في ذاك الوقت,Saudi-English
micros اء omega شركات كلها شركات نقاط بيع ايه كلها اجنبية يعني ايه,Saudi-English
السطحية انه اء ال casher هو calculator,Saudi-English
وش هو حاسبة انا فالجامعة كنت ابرمج برنامج يطلع لي calculator فعادي,Saudi-English
فا فبديت اشتغل وقلت لك انا اء بديت اشتغل على على ال point of sale,Saudi-English
ال ال بناء ال casher,Saudi-English
ال ال خلنا نقول ال ال ordiring system menu ordiring system,Saudi-English
اللي عندهم already ال التجربة الحلوة اللي هو,Saudi-English
لل لل اء ال customers بس لحظة قبل انت الحين موضوع ال menu هذا بعته,Saudi-English
ايه بعته الناس اخذوه ايه يشترونه عشان نظام الطلب نظام الطلب بس menu حلو menu حلو ايه بعته يمكن,Saudi-English
بعطيك casher جربه عشان الربط يكون موجود واحسن لك التجربة,Saudi-English
وش هال calculator حقتك خذها,Saudi-English
و ورجعت له خلني اقول ال point of slae او literally شرينا point of sale جديد له,Saudi-English
انا بعطيك فانت عوضته عوضته ok نظام اء يعني من الانظمة الموجودة كانت بالسوق,Saudi-English
وهنا وقتها بديت ابي اتعلم وش هو ال point of sale,Saudi-English
اء مجتهد شاد حيلك شاد حيلك اء tech شيء زي كذا,Saudi-English
اء انا انا حاس انه اقدر اطور لك ال الك ال ال نظام الطلبات عندك ويصير online,Saudi-English
وفعلا وقتها بديت اكلم شركات نقاط البيع وال casher تعالوا اعرضوا خدماتكم علي,Saudi-English
اء نقاط البيع وال casher واعرضها على فريق العمل مصعب والشباب ادرسوا وش هال,Saudi-English
point of sale هذولي هم يفترض منافسينك المستقبليين ايوه,Saudi-English
تاخذها انت بالضبط تسهرون انت وال team تحاكونها تسوون شيء مماثل بالضبط بالضبط,Saudi-English
اء يعني اذكر فعلا انها انه كنا يعني ما ننام يعني this is انا اذكر كل اصحابي,Saudi-English
اء حتى اذكر مصعب ماخذ شقة فوق نفس ال building يعني اوه كلنا عايشين,Saudi-English
و الى الحين ما فيه شيء اسمه foodics,Saudi-English
ماكان اسمه foodics حلو كان كان part من الوانز الشركة,Saudi-English
كيف سوينا foodics قلنا هنا وقتها حسينا انه فعلا فيه point of sale وبديت ابحث انا,Saudi-English
في فال online انه فيه شركات فامريكا وفيه تقنية اسمها cloud computing cloud point of sale,Saudi-English
و و ال application درست ال useage والعملاء اللي فيهم وكيف,Saudi-English
فا سو بناء على هالتجربتين هذي دمجتوا موضوع الطلب الطلب وال casher مع بعض,Saudi-English
وطلع foodics طلعت foodics مين اول عميل ل foodics,Saudi-English
اول عميل كان كافيه اسمه bili cafe,Saudi-English
يعني شل مطعم عطيته ال application وكان وقتها عنده واحد من الانظمة القديمة ايه المنافسة,Saudi-English
ايه كان جديد brand new هو فاتح ال coffee جديد وكان lounge و جدا ممتاز توه مركب نظام جديد,Saudi-English
واللي ما عنده انظمة هاه لسى معتمد علي هو جاء عندي اخذ ال applications ويبي يشتري ال point of sale,Saudi-English
point of sale كان اسمها omega,Saudi-English
اذا ما حاولت اكلمهم ما ما ماحد عطاني وجه او اصلا نفس ال technology is not capable to do this integration مع بعض,Saudi-English
لا كان نظام ال menu مو نظام ال casher ايه كان انا ابيعه ال menu,Saudi-English
ال casher بس احنا قلنا خلاص انتوا طورتوا شيء يدمج الاثنين,Saudi-English
المطور بال foodics المطور هو اء المطعم ال cafe اللي تحت والحلويات ايه كانت lazorde و fergenano,Saudi-English
هذا اول عميل ل foodics هو اول عميل بنظام اللي هو طلب و casher yes yes وايش الشيء اللي,Saudi-English
كان نظام casher نظام مستودعات كان نظام طلب ال menu,Saudi-English
ادارة ال menu واسعار ال menu ال recipes ال ingredients,Saudi-English
كان the modifiers انه اذا تبي مع حليب مع زيادة,Saudi-English
سكر whatever و,Saudi-English
نظام ال ال ال menu application ال menu كان وقتها,Saudi-English
يتعدل يعني تعدل فال dashboard حق foodics ينعكس على ال ipad,Saudi-English
اء كم عميل بعت له يعني في اول سنة من foodics بشكله الجديد هذا,Saudi-English
foodics بس باسمه الجديد بعته لعشرة بالضبط,Saudi-English
اء تعالجوا المشاكل تطورون فيه طبعا فيه نقط فيه يعني ما فيه كان challenge كبير الناس مو متقبلين فكرة اني,Saudi-English
رصيدك اللي فالبنك كل موظفين البنك يقدر يعني انهم access limitation,Saudi-English
هاه وهذا cloud نظام cloud وسحابي و online والحياة حلوة شوف انت تقدر تحول فلوسك يعني كنت اقنعهم من هالجانب,Saudi-English
case study من برا اقولهم شوفوا هالشركة في امريكا وش اشهر في هذا نفس تقدم نفس هذا الحل,Saudi-English
كان فيه شركة اسمها rifle rifle في امريكا,Saudi-English
وكانت two square طبعا في امريكا كل هذي الشركات كانت,Saudi-English
بنفس وهذي المرحلة الى اول عشرة عملاء من foodics بشكلها الجديد,Saudi-English
شركة الوانز الوانز اللي هي الوانز اللي هي software house,Saudi-English
تقدمون خدمات للغير ومشاريع ومشاريع تاخذ فلوس وتحرقها في foodics احرقها في foodics ماتجيب فلوس لسا,Saudi-English
ال ال mass صراحة يوم دخلنا الرياض حلو ايوه هذا يوم دخلنا الرياض هذي المرحلة اللي الان بدخل فيها نعم,Saudi-English
يعني snack بسيط على الطريق شفنا فمحل burger شكله نظيف ومرتب دخلت عليه اء,Saudi-English
و وطلبت وشفت ال point of sale اللي عنده وانا عندي هل,Saudi-English
ترا انا عندي نظام احسن من نظامكم اللي انتم مستخدمينه فا اء وكيف اقدر اتواصل مع ال owner او المالك,Saudi-English
اء قال عطني رقمك وبتواصل مع ح كتبت رقمي وال domain حق الشركة,Saudi-English
يعني كتبت رقمي و foodics dot com ومشيت,Saudi-English
يعني اء خبيت المعلومة هذي من من مصعب وال team,Saudi-English
و و لاني انا كنت شايف انه فيه challenge و literally ترا عشان نبيع لبرجرايزر,Saudi-English
حنا مسحنا ال code كله وسوينا code جديد,Saudi-English
لانه برجرايزر كان يستخدم نظام كبير يعني عالمي اسمه كان aloha ncr,Saudi-English
ال model يعني هذا qsr هذا quick service restaurant ماهو,Saudi-English
اء المطاعم اللي بعناها اغلب المطاعم اللي بعناها coffee shop coffee shop انك تجي تجلس experience مختلف,Saudi-English
ال ال quick service سرعة الطلب وفيه شيء اسمه kds نظام المطبخ,Saudi-English
وفيليه staging ترا level جديد هذا وص و foodics وصل لمر يعني,Saudi-English
يمكن الين الفين وسبعطش foodics وصل الى خلنا نقول الكمال يعني احنا,Saudi-English
ok عشان الدعم الفني ويكون عندي هذا ال الهاجس اقنعتهم وخذوا هم foodics ايه,Saudi-English
انا عندي business وعندي شركة و ابي مكتب,Saudi-English
يعني بادر كانوا رهيبين صراحة يا سلام فنفس اليوم مكتب واو دخلت لقيت كذا lounge,Saudi-English
اء طبعا اخذت هذا كا كا selling point,Saudi-English
انه ترا يا برقرايزر انا مكتبنا جنبكم جنبكم يعني اعتبروني ال it department,Saudi-English
في اء انت انت you need to manage expectation,Saudi-English
يبي يتعامل يبي confident انه ليش يحول لك انت,Saudi-English
شركات كبيرة يعني انت تتق اليوم سوي لك start up وادخل لشركة كبيرة,Saudi-English
يعطيك ثقة يعطيك احترام صح yeah start up انا اعطيك اهتمام وقتها,Saudi-English
و ولا مو ال domain اللي انا اس انا فيه domain حساس,Saudi-English
يعني انا bottle nick لل business,Saudi-English
اذا الفلوس كلها من ال point of sale يعني انا مو,Saudi-English
tryin error يعني يلا خلني اجرب هال apllication ضبط ضبط انا ماضرني شيء لا انا point of sale is a core business بالنسبة لي انا,Saudi-English
اذا اذا بغيره لازم ثقة تمام,Saudi-English
حسيت انه هم عندهم challenge من ناحية تغيير ال point of sale لانه حاطين investment عليه,Saudi-English
ال poi اء online orders يعني اعطيكم apllication,Saudi-English
لكم انتم ما شاء الله interpri عندكم ثمانطعشر فرع ليش ما يكون عندكم application,Saudi-English
اء تطلبون الطلب online كان فعلا في اجندتهم انه يكون عندهم applica قلت لهم انا بسوي لكم اياه ولكن,Saudi-English
realquist لازم ال point of sale يكون cloud يكون capable,Saudi-English
انه ياخذ الطلبات و integrate مع ال application فا قالوا اء يعني صار ال deal انه,Saudi-English
اء ناخذ foodics بس سوي لنا اء ال ال application,Saudi-English
وفعلا اخذنا roll out يمكن سنة سنة كاملة,Saudi-English
احنا يعني نحاول ناخذهم ال point of sale نسوي mapping لل features اللي عندهم ال features اللي عندنا,Saudi-English
ثمانطعشر فرع sorry اء وهذا ال features اللي تحتاجه قال,Saudi-English
ال بناء foodics بناء ال foodics من جديد اوه وهنا فعلا اطلقنا عليه foodics one,Saudi-English
يعني هو f one الحقي الحقيقي يعني كل الماضي كان,Saudi-English
ماهو foodics اصله يعني foodics نسخة صفر سميناها,Saudi-English
بعنا لهم foodics و الحمدلله كان فعلا باب لدخول الرياض,Saudi-English
لانه دخلنا على ال quick service restaurant عالم ال المطاعم السريعة الخدمة السريعة,Saudi-English
اء الحمدلله اصلا دخولنا في انه حنا عندنا هال applications اللي يقدر تربط مع,Saudi-English
شركات التوصيل كان برضو ال selling point,Saudi-English
وبعد برقرايزر صار فيه نمو ب f one او yes foodics one وصلتوا لكم,Saudi-English
كان يقولك انا اسف توني دافع لي صح ستين الف ريال ومركب software,Saudi-English
فانت جيت قلت له انا ادفع لك قيمة ال software كامل واركب لك صح بس لازم تستخدم نظامنا,Saudi-English
فعلا ابيع كيف ابني brand فالسوق,Saudi-English
و ومعليش انا في قطاع p to p its a word of mouth يعني,Saudi-English
فقلت بديت اشوف و i need to target ال brands اللي فعلا,Saudi-English
لها تاثير على على foodics وعشان كذا انا,Saudi-English
معروف اء فا مطاعم وكل هذولي ترا كان عندهم يعني فارس كان عنده par برضو system كبير جدا مشتريه,Saudi-English
اء شوبك كان عنده micros,Saudi-English
احنا بعنا لبرقرايزر و ncr ليش ما ابيع ل لباقي الناس يعني this is a,Saudi-English
موجود وهذولي هم العملاء اللي خدمتهم انت الى جاء الفين وسبعطعش صار فيه proof,Saudi-English
مرحلة مهمة صح اللي هي مرحلة اول round ايه انت طبعا يعني,Saudi-English
قاعد تحاول تبيع على عمر المجدوعي قام هو باشتراك ايه ايه و literally يعني ايش ايش اللي صار,Saudi-English
ابدا ما كنت عندي فال plan,Saudi-English
وفعلا قال يلا demo day,Saudi-English
ثلاثة كانوا مهتمين اء جدولنا معاهم ورحت لهم الثلاثة نفس الشيء eight to twenty,Saudi-English
يعني باقي يعني انا ابغى اكبر ما فاكست سويت block لاي شيء واحد يقول لي invester فا فيوم,Saudi-English
اللي اللي جاني عشان ابيع له ال application ايه انا سويت له application راعي القهوة وما هون اختفى ايه,Saudi-English
عندي اللي ال coffee كان عمر المجدوعي عنده المجدوعي عندهم الليوان قهوة مشهورة وكبيرة فالشرقية,Saudi-English
قلت وهذا افضل model زي starbucks ابيع له الفكرة ال application ايه انا رحت له,Saudi-English
هنا اللي انا تعرفت تعرفت عليه وقلت له انا عندي application loyalty و points وتطلب لكل فروع الليوان اللي عندك,Saudi-English
اء امم مو هو اللي ردني بس ال team اللي عنده قال you know مش مهتمين اليوم وهذا,Saudi-English
وعطاني comments اء اشتغل عليها وكذا,Saudi-English
و وشركات ضخمة وكبيرة و microsoft يا ابني انت شاطر وكذا روح ذاكر قلت له ان شاءالله will consider,Saudi-English
بعد محمد اثر ان عمر كان يبيع الخبز ال bun لمحمد,Saudi-English
هو ذكر لي اسمه محمد رحت قلت wow عمر عمر سنة رحت له المرة الثانية هذا عام كم,Saudi-English
المشروع ما ابيع لك applications انا ابيع لك نظام نظام ادارة مطعم وهالمطعم وانا,Saudi-English
و و ولا ابغى يعني i sell ثمانين بالمية من الشركة,Saudi-English
انا اذا باخ بدخل باخذ خمسة بالمي وش وش انا اضيف liabilities علي,Saudi-English
وكبر الشركة قلت له لحظة yeah this is i will reconsider يعني هذا شيء منطقي,Saudi-English
الصراحة مارجعت له يعني انا by by by خلنا نقول genes,Saudi-English
salesman بياع ولا اني لي فالاستثمار وال invesment وهذا فرحت صراحة ركزت بشغلي,Saudi-English
فالمكان الفلاني خل نتقابل قلت له ok رحت اتقابل معه,Saudi-English
عطاني introduction على ال startup وال entrepreneurship وال evaluations والتقييم وكذا وعطاني فعلا عرض,Saudi-English
فا we consider it فعلا صار ال transaction هذا اول استثمار اول استثمار,Saudi-English
جبنا فريق تسويق طورنا ال team اغلبها راحت ال team كبير ايوه حتى بال بال product يعني نقلنا على amazon,Saudi-English
وقتها سويتوا ال round الثاني ايوه هي وقتها ال round الثاني هذا له اس قصة يعني صراحة ليش يعني انا ما كن انا اثق في عمر,Saudi-English
احنا الان بنجهز على round كبير كم يا احمد نجم نجمع لك مليون ونص دولار,Saudi-English
اء مليون ونص هذي هي ال round هو الاستثمار الحقيقي,Saudi-English
و كان وقتها في rtf كان رياض رياض تقنية fund,Saudi-English
ok انا اول شيء ما يعني انا ما عمري تعاملت مع محامي,Saudi-English
اء ايش اللي فرق في هذي اجل ليش عينت محامي ايه عينت محامي لانه اء ال round كبير وصراحة نصحني عمر,Saudi-English
و فا اللغة ok طبعا انا,Saudi-English
يعني المحاماة صعبة يعني ال legal english language كم ايه تخوف صح,Saudi-English
تسوي استثمار جريء الا يمكن foodics وكم شركة,Saudi-English
والتقييم ال المعتمد على ال forecasting,Saudi-English
وهذا prerequisite كان يعني مثلا ال fund,Saudi-English
pvi كانت والسبب ان النظام,Saudi-English
انه ok عشان ال transactions كيف يكون فيه term sheet وفيه shareholder agreement ال term sheet,Saudi-English
جبت المحامي وجبت محاميه وجلسنا ف coffee shop اذكر في دبي كنا كان فيه مؤتمر هناك,Saudi-English
وخلصنا ال deal هناك,Saudi-English
بعد ما خلصنا ال deal قلت تعال يا هناك,Saudi-English
نكمل على نفس ال term sheet اللي اتفقنا عليه,Saudi-English
نكمله على shareholder agreement وفعلا وقعناه يعني الحمدلله ما طولنا كم قفلتوا ال round,Saudi-English
اء بدينا بمليون ونص بس الحمدلله صار فيه oversubscription لل لل round وصلنا لاربعة مليون,Saudi-English
اء دولار اربعة مليون دولار yes طلب زايد من من المستثمرين اللي موجودين بقيادة بقيادة رائد و rtf,Saudi-English
rtf اء وش كانت اهداف استخدامات هذي الجولة,Saudi-English
اللي كانت بالفين وسبعطعش ايه الفين وسبعطعش طبعا اهم شيء كانت اني انا ابغى اخلي الشركة كبيرة يعني to look like its a corporate,Saudi-English
وابدا to hunt ال ال enterprise واروح للشركات الكبيرة اقولهم ترا انا,Saudi-English
اء لي وجه اني اقابلك و و ابيع لك المنتج يا enterprise يا شركة كبيرة,Saudi-English
وفعلا امم مين اول enterprise ايوه اء شركة مطعم اسمه,Saudi-English
اء اء steakhouse و piatto و الفيصلية الفيصلية ايه,Saudi-English
اء انا عامل ال round وانا عندي هالشركة طبعا الحمدلله كان عندي,Saudi-English
خلنا نقول كنت already رايح لهم قبل ال round وكان عندهم هال consider انه شركة صغيرة ليش انا الفيصلية,Saudi-English
يعني اوقع مع شركة صغيرة اء foodics و,Saudi-English
قلت له تعال ابغاك تكون my partner طبعا partner ل deal واحد بس نبغى هال deal,Saudi-English
وفعلا جبته قلت له تعال انا ابغى عيونه زرق عيونه زرق بس هذا الهدف literally وجبته معاي الاجتماع,Saudi-English
فقلت له انا سعودي ال reseller الوكيل,Saudi-English
وكيل ل foodics وهذا هو اء من اصل المنشا الشركة الامريكية foodics,Saudi-English
اء pitched وصراحة اغلب ال pitching انا اللي اسوي ال pitching,Saudi-English
فالحمدلله يعني we اخذت ال deal اخذت ال deal yes هذا كان اول,Saudi-English
deal مع هذا اول مع enterprise ايه مع enterprise والحمد لله يعني علاقتنا قوية جدا اء الفين وثمانطعش صار يمكن حدثين مهمة ايه,Saudi-English
الحدث الاول انه تم تطبيق ال vat وهذي ايه اللي اجبرت كثير من ال,Saudi-English
و تم تاسيس واطلاق svc بدات ايه صحيح نشاطات الشركة السعودية للاستثمار الجريء,Saudi-English
هالحدثين هذولي ايش فرقوا مع foodics,Saudi-English
ترا انت ماشربت قهوتك هاه ايه بعد بتصير اي بتصير ice coffee لالا بشربها الان بالعافية,Saudi-English
امم طبعا svc من من بداية ما,Saudi-English
one transaction يسوي two transaction بعدين يسوي اربعة transaction و eight transaction,Saudi-English
ال المست ال العميل يعني ال business ال corporate صار فيه يثقوا,Saudi-English
بال ال start up يعني انا اذكر انه اول جولة سويتها,Saudi-English
series a كانت اكبر جولة series هذي كانت متى,Saudi-English
واذكر حتى رؤوس الاموال انه foodics تجمع خمسطعشر مليون ريال ايه شيء كبير,Saudi-English
شوف اليوم الرقم هذا seed funding صحيح واذ يع والحمدلله يعني,Saudi-English
كنت في course احد الكورسات في في harvard اء اقابل,Saudi-English
رواد اعمال عالميين يتابعون endeavor طبعا انا تم اختياري في endeavor في الفين وثمانطعش,Saudi-English
اء الاب الروحي لل entrepreneur,Saudi-English
تروح في امريكا تحس نفس انت ولا حاجة بالنسبة لهم وفعلا كنت في هال في هال course,Saudi-English
اغلب ال يعني اء لما يبدا يعطي history اني,Saudi-English
وش how much your raise انا ال series a كان اربعة مليون دولار,Saudi-English
بعدين series b مثلا كان قبل ما انا اسوي raise seriesb بس عندهم كان ال series a,Saudi-English
اليوم صار فيه تضخم اليوم نشوف واحد يجمع seed,Saudi-English
seed round على خمسين مليون دولار في في امريكا يعني ممكن بشكل سريع بما انك جبت طاري هذي الاشياء للي ما يفهم هذي المصطلحات,Saudi-English
ايش يعني series seed round ولا series a ولا series b,Saudi-English
فيه seed round هو اول هو فيه ترا pre seed,Saudi-English
اول شيء ما قبل البذرة ما قبل البذرة وعادة تاخذ الفلوس من friends and family اهل واصدقاء الاهل واصدقاء حلو فيه ال seed,Saudi-English
ال seed غالبا اهل واصدقاء و angel investors يدخلوا فيه المستثمرين الجريئين,Saudi-English
حلو الملائكيين يسمون ايه بعدين ال csa هو مرحلة النمو,Saudi-English
يعني انت المفترض انه فال seed انت من ال seed الى ال a,Saudi-English
انت اثبت وجود mvb الفكرة حقتك والتركيز a النمو,Saudi-English
تستخدم فلوس عشان تبدا توسع ايه تبدا توسع تبدا تنطلق جغرافي حلو b تبدا مفروض انه extension لل a,Saudi-English
فانت تتطلع انها تتوسع مو بس جغرافي حتى فال rbo,Saudi-English
فال average per per user فال تضيف منتجات اضافية and so,Saudi-English
يكون pre exit او pre acquisition او pre ما قبل التخ ماقبل التخارج ايه او الطرح ممتاز هذا تعريف سريع عالجولات انت,Saudi-English
وكانت هدفها النمو yes و وبعدين تكلمنا على موضوع svc وتاثيرها الفين وثمانطعش,Saudi-English
الف وسبع مية مية الف وسبع مية sorry الفين والفين وثمانطعش ايه النمو صار two x يعني حنا ننمو,Saudi-English
عدد المطاعم و من عاد الش ال mrr طبعا احنا كا,Saudi-English
باء في covid في عشرين عشرين فعشرين عشرين كم كان حجمها عشرين مليون دولار تقريبا عشرين مليون دولار,Saudi-English
بقيادة رائد بقيادة رائد عفوا لا بقيادة سنابل سنابل و stv,Saudi-English
سنا سنابل و سنابل و stv في series b ok طبعا هي لها قصة انه,Saudi-English
اء اللي هي كيف بدات ال round انه,Saudi-English
يعني انا برضو وصلت لمرحلة ان ما عندي احد يعطيني term sheet ويسعر تقييم الشركة الا شخص شركة وحدة بس,Saudi-English
اسمها stv ايه ماكانت كل الصناديق الثانية ماعاد تعطي ماتعطينا شركة اكبر صارت من اللازم,Saudi-English
و و bridges عادة تعطي اء bridge,Saudi-English
im pitching و بس كيف الفكرة اني,Saudi-English
اني قبل ال هذا كنت اتواصل مع جماعة process اللي هو naspers اسمهم سابقا,Saudi-English
قالوا لي احمد احنا مبسوطين نبا نعطيك ال term sheet ولكن من شروطنا,Saudi-English
ونقابل physically الفريق الفريق وال founders تحديدا,Saudi-English
فجاة سمعوا قالوا انه ال team هون ما قدر يجي دبي لانه سمعنا انه فيه covid,Saudi-English
cases في دبي فاحنا مانقدر نجي قلت له طيب انا اجيك السعودية مافيها covid,Saudi-English
و وقت بدت فعلا العالم يطلع فعلا فيه covid,Saudi-English
والناس كلهم فال فالرياض يقولون يرجعون اهلي يقولون ارجع ترا بيقف الموضوع serious اقول ايش سي ماهو موضوع وفعلا وقتها كان فيه,Saudi-English
هنا عرفت ان الموضوع serious همم ونفس ال الجماعة هونوا يعني قالوا,Saudi-English
رحت عن طريق نيويورك عشان امن نفسي اني ادخل السعودية وخلاص فالوضع كان serious,Saudi-English
ما كان عندك الا stv ما عندي الا stv وفجاة طلعت لي سنابل سنابل توها تبدا تتحرك توها تبدا تتحرك وقتها,Saudi-English
اتوقع كان اول transaction احنا سواه معانا اء وبدينا نشتغل معاهم والحمدلله انه,Saudi-English
هنا ال انا دائما احب انه من تجربتي السابقة فال fundraising انه to create competition,Saudi-English
على ال ticket فتقول انت تب انت عارض مثلا عشرة مليون,Saudi-English
ال oversubscription هو اللي ارتفع الى عشرين فتعرض عشرة,Saudi-English
من ال اء يعني مستثمرين وتبدا تختار انت منهم وتبدا تاخذ ال terms وال evaluation اللي انت يناسبك,Saudi-English
وقتها ال delivery hero عطونا off term sheet,Saudi-English
وال delivery hero شركة كبيرة اء وتقييم عطونا تقييم حلو,Saudi-English
فا عرضت ال term sheet الى,Saudi-English
سنابل وسنابل they really match,Saudi-English
ال evaluation و وهنا هنا هنا شط هنا قوة الشركة,Saudi-English
فقفلتوا ال round في وقت covid في وقت covid april كان ولا تقريبا ايه yeah almost تقريبا وقتها ال evaluation كم صار,Saudi-English
حدود ال وقتها مية مية مية مليون مية مليون دولار yes yes,Saudi-English
اعلى شوي وبعدها صار فيه تطويرات على موضوع المنتج صح بعد الجولة هذي yes yes بديتوا تدخلون في fintech,Saudi-English
طبعا هدف foodics بديت يعني كنت we are pinching mark خلنا نقول with square,Saudi-English
فامريكا square تقارنون نفسكم ف square square payment وهنا اسمع انا انه صعب,Saudi-English
تاخذ رخصة من sama والموضوع ماهو سهل فا قلت وياخذ ال process سنة,Saudi-English
ناديت فريق ال product عندي قلت يا ابا واحد منكم سلمته المهمة,Saudi-English
ي يمسك ملف sama و sama ويقدم على الرخصة على امل انه السنة الجاية ناخذها,Saudi-English
بعد كذا ثلاث اسابيع دخل قال مبروك يا احمد عندنا اجتماع مع sama قلت له وش,Saudi-English
sama و تغير,Saudi-English
فعلا وهنا الفين وثلاث الفين وتسع طعش هو من يوم اطلاق ال sand boxing,Saudi-English
ودخلنا ال sand box طبعا رحنا عرضنا الحمد لله,Saudi-English
وقتها انا قفلت كل مشاريعي وكل اولوياتي واول اولوية اني اتعلم اتعلم وش هو ال fintech,Saudi-English
اتعلم ايش ال payment اتعلم وش ال البنوك ال banking system بديت اعين مستشارين اتكلم,Saudi-English
وفعلا الحمدلله دخلنا ال sand box و في عشرين عشرين,Saudi-English
اء مع في منتصف الجائحة اء البنك المركزي عطانا ال green light انه روح,Saudi-English
دوسوا وزعوا ال point of sale كان فيه initiatives انه to,Saudi-English
يمنعوا ال cash cashlees وتركز على,Saudi-English
على ال payment والحمدلله هذي فرصة كانت حلوة اخذناها للاستحواذ على العملاء,Saudi-English
فا فهذي دخلت ال ضمن ال foodics نعم اللي هي foodics pay نسميها الان,Saudi-English
foodis pay foodics pay foodics pay yes اللي هي يعني كيف طريقتها ok,Saudi-English
foodics الاساسي هو نظام ال casher نظام المطع المطعم ال مستودع وذا yeah فيه ااء,Saudi-English
ال ال ال plan فال road map انه ندخل في foodics pay نصير نقدم,Saudi-English
اء للعميل يصير خلاص one shop stop انه العميل ياخذ ال point of sale وياخذ,Saudi-English
اء اء نقاط البيع من عندنا اللي هو المدفوعات الرقمية وبعدين ياخذ قروض عن طريق foodics capital,Saudi-English
عنده foodics online يستقبل طلبات online ومع التوصيل وكل شيء فهذا هو كان الطموح من البداية,Saudi-English
عشرين عشرين جاء covid وما شاء الله جاء covid سويناها كلها فيوم سنة وحدة ما شاء الله ايه اليوم تقرضون عملاء نعم بدينا عندكم ترخيص انكم تقرضون لا حنا نشتغل مع اء مع,Saudi-English
ونقرض up to خمسة مليون ريال يعني عن طريق بعض الشركاء و و برضو بداتوا توسعون يعني انت كنت تقول,Saudi-English
في مقابلة عام الفين و واحد وعشرين انه foodics انطلقت من الخبر الى واحد وعشرين دولة حول العالم صحيح اليوم كم دولة انتم,Saudi-English
اليوم حنا ترا حول الاربعين دولة اربعين دولة فالعالم foodics ايه foodics نعم واكثر من سبعة لغات مش لغة وحدة فرنسية,Saudi-English
اء يعني الامور شوية تغيرت كا كا evaluation وكا potential بالضبط بالضبط فدخلتوا انتوا في موضوع الجولة الاخيرة هذي نعم,Saudi-English
اء وش اهم اللي حيختلف في foodics بعد هذي الجولة,Saudi-English
طبعا اء foodics pay الاساس هو ما هو بال بالنموذج اليوم قريبا ان شاء الله,Saudi-English
حنعلن عن يعني الصورة الحقيقية ل foodics pay,Saudi-English
اللي هي ال soft pos فيصير نفس ال tablet,Saudi-English
ال casher ل foodics هو يقبل الدفع فانت ما يحتاج عندك اجهزة اخرى ثانية,Saudi-English
على اساس تقبل الدفع وعملية الربط وال integrations وال ال rela ما يكون يعني,Saudi-English
فيه عندنا مدفوعات عالطاولة table payment انت تروح المطعم,Saudi-English
تجلس فالمطعم تبغى تدفع فاتورتك فيه qr code تنسخه تلاقي فاتورتك نفسها تدفعها,Saudi-English
بدل مايجي ال waiter بدل مايجي ال waiter تدفع وتمشي please excuse me عطني وجه مرة,Saudi-English
يعني يعني يستفزني ال waiter اللي ما يكون منتبه ايه صح فتقعد,Saudi-English
فزوجتي تقول لسا انا ما خلصت يعني يعني كانك قاعد تعجلني اقولها لالا عادي خذ راحتك بس خليني ادفع عشان متى ماقررنا نمشي نمشي نمشي نمشي بالضبط فلما يكون عندي barcode جنبي وادفع على طول بالضبط هذي بتكون شيء عظيم هذا واحد غيره,Saudi-English
ان ال waiter نفسه,Saudi-English
هذا رقم اثنين هذا رقم اثنين رقم ثلاثة ان نفس الد نفس ال application,Saudi-English
ال casher مع ال costumer display العرض وانت فال booking,Saudi-English
costumer تقدر تدفع من ال tablet نفسه بدون اعتمادية على اي جهاز اخر,Saudi-English
ال ال ال drive through and ال kiosk فالان foodics تقدم kiosk,Saudi-English
اء في اي مطعم فيه kiosk كامل في نفس ال kiosk تقدر تدفع,Saudi-English
تمر فال drive through اء اخذت الطلب من ال drive through تطلع جوالك,Saudi-English
ت scan qr code وتدفع,Saudi-English
كل يعني هذي hardware ذي بتصير ولا هذي كلها hardware و payment طبعا احنا الخدمة الج كل خدماتنا القادمة اليوم,Saudi-English
احنا راح نصنع our own hardware,Saudi-English
انه to control ال experience من a to z,Saudi-English
فاحنا مهتمين من ال hardware,Saudi-English
ومهتمين فال software المشكلة انه لقينا من تجربتنا السابقة فيه,Saudi-English
اء انطباع سيء ياخذه العميل مو بسببنا بسبب والله limitation موجودة عال hardware,Saudi-English
almost خمسة وعشرين الف خمسة وعشرين الف عميل همم بكامل بياناتهم موجودة عندكم صح ايش,Saudi-English
ايش ممكن نطلع ب trends او او ملاحظات او تحليل لهالبيانات تقدر تهديه,Saudi-English
لتطوير منتجات foodics,Saudi-English
ماهي اء خلنا نقول garbage in garbage out هذي دايما اقوله فاي نظام موجود,Saudi-English
تعطيه بيانات اء يعني غير صحيحة يعطيك outcome غير صحيح,Saudi-English
انا ودي والان بدينا بمرحلة والمرحلة تطوير هذي تحتاج وقت طويل ما machine learning يبغى لها وقت طويل,Saudi-English
فاحنا اليوم في مرحلة اء business intelligence phase,Saudi-English
اء نعرف وش اولويات وش ال pains اللي موجودة عشان نبدا,Saudi-English
نسلط الضوء عليها ونطورها فلسا مافيه الان اي trends معين انتم شايفينها فالفترة الماضية,Saudi-English
ال ال back end وال wastege اللي قاعد يصير فاليوم اك نكتشف وموجودين وشايفين فالبيانات انه,Saudi-English
فيه اء wastege هدر وهدر,Saudi-English
و fraud بعد وين في ال back end فال infantry فالجرد اه فالمخزون,Saudi-English
فال back end فال bo عمليات المشتريات,Saudi-English
نقدم خدمة ال suppliers نو اء,Saudi-English
اء يعني نعطي ال supplier المواد مواد ال ال,Saudi-English
المطعم لي المطعم direct عن طريق foodics supply نسميه,Saudi-English
فيه برضو بيانات اء ال menu engineering يعني اليوم,Saudi-English
يعني عندها اء يعني معلومات في ال menu,Saudi-English
ما ok فيه فيه report عندنا مشهور اسمه menu engineering,Saudi-English
ال menu engineering هذا يقيس لك ال frequency حق الطلب,Saudi-English
ويقيس لك ال cost وال trends,Saudi-English
المطع لان انت كل منتج فال menu,Saudi-English
وتخزنه بعدين ترميه الى wastege لو ما ما صرفته,Saudi-English
اء لو لو غيرت ال menu سويت لك bundling او بعض العروض,Saudi-English
خلنا نقول ال ال ال combos نسميها combos يعني تشتري هذا مع هذا,Saudi-English
هذي برضو عندنا smart engines الان بضغطة زر تقدر تعطيك المقترحات هل فيه مجالات يوم تقول شباب خلاص وقفوا,Saudi-English
تراها full وكل اللي فيها خسرانين,Saudi-English
yes هو شوف سر سر الطبخة مو بال ااء بس بجودة الطلب,Saudi-English
همم ال branding له يلعب ترا المستهلك السعودي مستهلك,Saudi-English
اء يحب يجرب ال trend الجديد ماهو loyal يعني لو تشوف مثلا في اوروبا,Saudi-English
اء الولاء عالي جدا ل brand معين صح,Saudi-English
ال margin فيه حلو,Saudi-English
يعني القهوة القهوة ايه عالي margin كبير جدا القهاوي هي احلى margins اء margin حلو رهيب نعم ومن الماكولات وش اعلى ال margin ما اء شوف ال ال ال اااء ok اء,Saudi-English
لازم تاخذ consideration اللي هو ال initial investment فانت لما تروح تسوي لك,Saudi-English
مطعم fine dine ال margins لو اخذتها بس على ال menu,Saudi-English
ايه ولكن حط عليها الخدمة وحط عليها صح فيطلع ونفس الشيء نفسه نفسه قبل ال head نشيل ال overhead وش ال,Saudi-English
توصية توصية ok طيب فا صعبة ن انا اتذكر قد سولفت معك على مين اكثر جهة,Saudi-English
ساهمت في نجاح foodics وكنت تقول لي البنك المركزي و وزارة الاستثمار صح ليش هالاثنين,Saudi-English
ال agility اللي كانت فيها وقتها يوم,Saudi-English
اول جولة اول جولة اول جولة csa,Saudi-English
اء واعطوا الرخص بسرعة للمستثمرين الامريكان يعني اول من دخل five hundred كانت start up وحدة منهم endeavor كان,Saudi-English
عرفونا على صراحة ال ecosystem,Saudi-English
اء صندوق الصناديق لا الدكتور مازن الزايدي اه ok اللي كان في وزارة الاس الاستثمار,Saudi-English
well connected مع ال مثلا vseed اللي برا اللي يبغوا يدخلوا السعودية فا,Saudi-English
كان اول ساعدوا في هذي النواحي كمان يعني كثير اول ناس فعلا سووا هالمبادرات ال initiative,Saudi-English
اء في الفين و الكلام هذا ترا من الفين وثمانطعش والفين وسبعطعش فهذي وزارة الاستثمار البنك المركزي البنك المركزي ماشاءالله يعني صراحة قصتهم لي فموضوع ال sand box وموضوع الترخيص بالضبط سريعين جدا برضو,Saudi-English
قطاع ماهو بسيط من ناحية ماهو البيع الفرا يعني ال cybersecurity هو,Saudi-English
وال liabilities وال compliance يعني ماهو وايضا انت ذكرت سنابل,Saudi-English
سنابل نعم اء انه كان لهم دور مهم في اللي وصلت له foodics,Saudi-English
صحيح من اي ناحية اء تعريف قلت لك انه سنابل اصلا هم يعني lp في اء,Saudi-English
في شركات ضخمة كبيرة vseed فالعالم فامريكا واوروبا وكذا,Saudi-English
و وساعدونا في ال connection introduce ولما كنا نروح we pitch ourself,Saudi-English
الشركة والسعودية لما يقولوا ok سنابل is in our cap table وهم وهم شاركوا في اخر جولة اخر جولة هم قادوها,Saudi-English
هم مع ال cv هم مع ال cv نعم اللي هي مية وسبعين مليون دولار تقريبا لا عفوا,Saudi-English
لا اللي قادوها كانوا process,Saudi-English
ومع سنابل مو ال cvs وهذي قيمة صراحة انتوا خلقتوها بانه جبتوا هذا المبلغ,Saudi-English
تسعين بالمية من تسعين بالمية من ال round تقريبا من برا,Saudi-English
يعني من sequoia,Saudi-English
و capital ومن من من process ماشاءالله yah وهذا يجعل valuation حق,Saudi-English
foodics كم non disclose الاولات قلتهم هذي والله اء يعني اتفقنا كمجلس ادارة انه ما تفصحون انه ما نفصح,Saudi-English
الامريكي نتكلم مع advisors و,Saudi-English
يعني الموضوع مو السنة هذي السنة الجاية لا who knows ما يعني احنا لسا قاعدين ندرس ونتعلم,Saudi-English
اء واللي يتواصل معك whatsapp غير سعودي,Saudi-English
في covid انه نقل جميع الموظفين الى السعودية كلهم موظفين الحمدلله سعوديين,Saudi-English
انه مناقشة score عندنا score اسمه nps net promoting score والحمدلله عالي ابشرك,Saudi-English
ال system يهنق او ما يهنق,Saudi-English
الثقافة فاحنا اطلقنا foodics academy اكاديمية foodics,Saudi-English
كان قلة دراية العميل بال industry فالمجال نفسه,Saudi-English
foodics academy هدفها تعليم الناس كيف ال operation يشتغل فالمطعم,Saudi-English
كيف ال casher يشتغل كا casher مو foodics casher كيف,Saudi-English
ال perception حقه في اغلاق نهاية اليوم ممنوع,Saudi-English
ترحل اليوم على اليوم اللي بعده كيف تسوي اغلاق محاسباتك وربطها مع نظام ال casher المحاسبي,Saudi-English
ال knowledge صارت نقل المعرفة اليوم foodics ماهو system بسيط system,Saudi-English
قلت لك deep deep knowledge,Saudi-English
فعشان ارفع ال ال خلني اقول ال product knowledge rate في كل موظف,Saudi-English
واخلي كل الموظفين نفس ال level فالتعليم,Saudi-English
اء صرنا اسسنا برضو اء program داخلي انه,Saudi-English
اء foodics اليوم قاعد يكبر لدرجة انه منتجات اضافية يعني مو منتج foodics الاساسي لا foodics,Saudi-English
اء منتجاته الاضافية foodics online foodics,Saudi-English
capital foodics pay و b,Saudi-English
ال complications وال features حقته,Saudi-English
بالاضافة الى ذلك انه foodics في كل,Saudi-English
quarter يطرح من اكثر من مئة features اضافية,Saudi-English
ذكرت مجموعة اسماء ومن ضمنهم مهندس احمد الزيني مؤسس شركة foodics,Saudi-English
ك كل كلنا في هال هال خلني اقول منظومة ال ال ريادة الاعمال we have to give back one point,Saudi-English
انشئت خلنا نقول indiver,Saudi-English
كيف انشئت indiver هي نفس تعا تعيد القصة اليوم وش قاعد يصير اليوم فالسعودية,Saudi-English
group من المس ال ال entrepreneurs اللي سووا exit,Saudi-English
اء يعني خلنا نقول احس انه فعلا فيه فيه يعني فيه potential كبير طبعا دائما اعيدها واقول انه,Saudi-English
اول يعني بداية تاسيسي ل foodics كنت فعلا اتوق اشوف,Saudi-English
فعلا دخلت فالمجال صح واخذت helicopter view او zoom out,Saudi-English
للتام ال total addressable market لاكثر من قطاع ترا السوق كبير,Saudi-English
واحد بالمية ترا من ال potential فال فال globe خلنا نقول ما اتكلم على العالمية,Saudi-English
نصيحتي الوحيدة انه ابني فعلا العالم يحتاج لبنائين builders,Saudi-English
اء يا كثر ال pre seed investors وال seed investors,Saudi-English
وال angel investors وال pre series a,Saudi-English
والفلوس بتجيك لاتركز على ال funding,Saudi-English
مش ال ال الغرض فالبناء مو انك تبني feature,Saudi-English
اء اء لوحة تحكم الطائرات اء airbus لا,Saudi-English
و وهذا يعني over all يعني هذا النصيحة اللي صراحة,Saudi-English
ما تبقى من رحلة foodics اللي توها توها تنطلق توها تنطلق الله يعطيك العافية تسلم شكرا لكم,Saudi-English
حياك الله ابو عبدالله ياه شرفتنا ونورتنا الله يسلمك يا ابو عبدالرحمن وشكرا لاستضافتي الله يسلمك bankers اخوين bankers وش دخلكم في قطاع المطاعم انت واسامة,Saudi-English
والبحرين ال bac وغيرها ودبي وابو ظبي,Saudi-English
و لاسيل في الدوحة في قطر فاثناء كان سفرنا تعرف السباقات تصير فال weekend في يوم لل practice يوم qualification بعدين يوم للسباق ثلاث ايام عادة,Saudi-English
ونروح مطعم اثناء احنا رايحين اصلا الى مهمة اخرى اللي هي ايه حقت السباق فتضرب عصفورين بحجر you enjoy,Saudi-English
demand طيب قلنا يا جماعة طب لما نسافر نص المطعم سعوديين,Saudi-English
الكحول فالمطعم فقلنا طيب خلونا يلا نفكر فافكار فكرنا في افكار كثيرة مضحكة يعني تضحك نرسل يترسل ال profile,Saudi-English
على سبيل المثال senior sassi الان اللي موجود عندنا,Saudi-English
يرد علينا انه ايش ال profile حقكم في ذاك الوقت ما عندنا profile,Saudi-English
كا شركة قائمة وعندها خبرة فال operation,Saudi-English
تذوق ok وهذا الشيء,Saudi-English
فا اغلبهم يردوا يقولوا والله ما نقدر هذا risk اننا نعطيك franchise,Saudi-English
وانت ماعندك operation expierence هذا مو بسيط,Saudi-English
اء انتوا كلمتوا senior sasi تقولي كلمتوا zuma بعد ارسلنا ل zuma ارسلنا ابو السعيد ولا وش اسم المطعم ابو السيد ابو السيد يعني zuma وابو السيد مختلفين ندور نبغى المطعم الفكرة عندنا شغف انه نروح مكان نطلع,Saudi-English
لا فيه غيرة انه ليش ليش لازم اسافر weekends عشان استمتع بمطعم,Saudi-English
ok واول ما اسوي احجز مطعم ابغى استمتع هنا فال weekend حقي انا فالرياض,Saudi-English
اء مطعم الى مطعم نوزومي في لندن هو single resturant في ذاق الوقت في beachamp place,Saudi-English
ااء مطعم نوزومي مطعم contemporary japanese وعنده nice music nice vibes ok وعنده اكل اء مطعم لاباس ما اقدر اقولك اكيد ما هو بزوما,Saudi-English
انه يعطي franchise,Saudi-English
يقضوا فترات طويلة فلندن يعرفوا nozomi beachamp place,Saudi-English
هذا الكلام عام هذا الكلام احدعش الفين واثنعش هذا احدعش تقريبا الفين واحدعش في الفين واحدعش الفين وعشرة ok,Saudi-English
الكلام هذا و وافقوا الجماعة وقلنا ok يلا franchise franchise,Saudi-English
مع بعض اتفقنا قلنا طيب فكرة والله نسوي nozomi الرياض نبدا ب nozomi الرياض نوقع nozomi على مستوى المملكة,Saudi-English
كا franchise اتفاقيتكم انه انتم تمثلون nozomi في كل السعودية franchise احنا franchisees وش اهم شروط هذا الوكالة,Saudi-English
طبعا احنا ما كان عندنا negotiation power في ذاك الوقت,Saudi-English
فكانت اول franchise agreement فاول شرط انه في مدة زمنية لازم تفتح فيها الفرع الاول بالضبط هل فيه عدد فروع الزمك فيها,Saudi-English
لالا كان ياخذ ايه ياخذ نسبة طبعا اء royal اللي هي royalty,Saudi-English
royalty كان ياخذ خمسة بعدين ترتفع لخمسة ونص بعدين ترتفع لستة بالمية على حسب تطور السنين من ايراداتك من من اجمالي الايرادات,Saudi-English
ربحان خسران موب مشكلتي ماله علاقة هو حياخذ خمسة بالمية من مبيعاتك من مبيعاتك بالضبط وياخذ انت قلتها bottomline ايوه لا هذي بعض ال franchise agreement الثانية,Saudi-English
ال entry fees هذا مرة وحدة one off,Saudi-English
هذي مرة وحدة ياخذ وكم عادة وبعدين ياخذ على كل فرع زيادة ياخذ entry fee مثلا انت فتحت,Saudi-English
ست مية الف دولار ست مية الف دولار ست مية الف دولار في ممتاز هذا هو ال structure هذا ال structure انتوا الثلاثة,Saudi-English
التوسع موب هوايتي ok فكنا احنا في خطط التوسع فقال لا اذا هي مطعم واحد ok اذا بتتوسعون انا اعطوني exit شلون اخترتوا هذاك المكان اللي بالنسبة لكثيرين,Saudi-English
ok وفعلا هو اول مطعم يفتح فشارع كان الشارع الحي هو شارع التحلية ا,Saudi-English
للامير محمد بن عبدالعزيز بس اغ اغلبه ما كان فيه مطاعم اغلبه cafes قهاوي,Saudi-English
وخفنا وفيه زحمة وزحمته ليست الزحمة اللي هي مرتادي المطاعم الفاخرة هي مرتادي ال cafes ولازم تنتبه فبالتالي فيه بعض الناس تتحاشى انها تمر في شارع التحلية عشان ما تدخل فالزحمة,Saudi-English
ok لمن قلنا الضباب ايش ال accessibility والله الطريق,Saudi-English
ففيه accessibility طريق شارع الثلاثين الامير سلطان,Saudi-English
اء طبعا في ذاك الوقت الايجارات في شارع الضباب ارخص فكانت فرصة انت تفكر في الايجار ما كان يعني ما كان هو فيه risk عالي وا وا الى اخره فا لقينا الموقع,Saudi-English
مو انه معناته انه هذا الموقع الوحيد رحنا اكثر من مكان,Saudi-English
وحدة من الاماكن اللي we approach على سبيل المثال سينتريا ok قبل شارع الضباب,Saudi-English
احنا مالنا علاقة فيها هي مواقف public او مواقف تابعة للمبنى مواقف انها موجودة فهذي كلها facilities استفدنا منها,Saudi-English
تاسيس الشركة وبعدين وقعنا الاتفاقية مع nozomi,Saudi-English
فتحنا اول مطعم اللي كان هو nozomi الرياض في سبتمبر الفين واربعطعش بس قصة التصميم هذي لازم تنقال,Saudi-English
ايه قصة التصميم هذي قصة اول شيء لحقنا التصميم حق nozomi لندن,Saudi-English
nozomi لندن يعني اذا كان رحت مو كثيرين اللي راحوه كان على off white على رمادي فاتح الفرش و و الى اخره سوينا التصميم المبدئي وسوينا ال rendering وكان فيه اول يوم presentation جالسين نتفرج,Saudi-English
طيب احنا we want to create the demand,Saudi-English
ال demand لا انت تفتعل ال demand وتبغى تسوي شيء عليه القيمة,Saudi-English
المهم قلنا لا ان شاءالله بتتقبل طالما انه احنا نشوفهم فالمطاعم برا ما من الطبيعي والعقل وال logic يقول انه بيجوا مطاعم عندك ما يتعنى يروح برا هذا الطبيعي صحيح,Saudi-English
كلمنا قلنا طيب خلينا ندور على مصمم ثاني دورنا دورنا طيب ايش المطعم اللي يعجبنا فعلا احنا ايش ال inspiring حقنا كان كمطعم ياباني zuma كا inspiration,Saudi-English
والله قلنا طيب خلنا ندور دورنا مين اللي يسوي zuma,Saudi-English
توصلنا الى استديو قليت من خلال انترنت ال search وكذا اتصلنا بنوري اء السعودية ok طيب اهلا وسهلا,Saudi-English
نبغى نسوي نصمم معاك ارسلنا له profile نوزومي نوزومي لندن كل الاشياء هذي,Saudi-English
انستقرام ok طيب اعرف نوزومي لندن fine طيب نبغى نسويه نبغاك تصمم لنا اياه,Saudi-English
قلنا له بس لكن نبغاك تاخذ فالاعتبار اشياء بسيطة بس انت كمصمم نعطيك ال requirements مساحة المطعم الف ومئة متر تقريبا,Saudi-English
مربع ترا عندنا قسم singles وقسم family,Saudi-English
طبعا فيه مترجم هو هو ما ما يتكلم انجليزي ياباني بحت وكانت فيه مترجمة يابانية معاه هي ال assestant هي اللي كانت تترجم,Saudi-English
يعني هي هي ماهي فاهمتنا كويس ولمن تترجم له فمانعرف وش قاعدة تترجم له بالضبط فا ماهو نقول family عندنا يعني المطعم قال كيف يعني,Saudi-English
single و family قالوا يعني لو جوه مجموعة single مع بعض قسم افراد وقسم عوائل وما المفروض انه يشوفه,Saudi-English
بس لو سيدات لوحدهم يدخلوا في قسم العوائل فهو اما couples او مجموعة سيدات ورجال مع بعض عائلة او سيدات لوحدهم هذا قسمهم,Saudi-English
فا جا فعلا فعلا little ما استوعب ال ال هذا طبعا زي ما اقولك فيه عام للترجمة اللي فالنص هذي كمان احنا ما نضمن كيف كانت مدى,Saudi-English
قلنا له ok بعدين قلنا له عندنا شيء ثاني احنا ماعندنا serving alcohol فممنوع عندنا فالمملكة وماعندنا هذا,Saudi-English
هذا المصمم قال انتم هذا single و waste of area بعدين family انا ماني فاهم بعدين تقولي مافيه drinks كيف مطعم زي نوزومي ولا زوما هو يربط زوما زوما مافيه drinks يعني ماتجي,Saudi-English
اء around فالمطاعم اللي موجودة فيه مطع فندق الفيصلية المطعم الايطالي اللي تحت لاكوتشينا اذا ماني غلطان كان اسمه,Saudi-English
ok وفيه مجموعة مطاعم,Saudi-English
فكان عشان يفهم قصة ال single وال family وعشان يفهم انه فيه مطعم ونتعشى فيه ومافيه كحول,Saudi-English
وديناه المطاعم بس عشان يفهم single و family ويفهم انه موضوع انه احنا its dry run ماعندنا dry resturant ماعندنا هذا ماعندنا فهم,Saudi-English
انه طيب لو ما جو singles,Saudi-English
بيجلس فاضي و family قلنا له احنا متفهمين وجهة نظرك كا designer لكن لازم نسوي هذا الشيء,Saudi-English
هذي ال المتطلبات هذي المتطلبات وانه لازم نسوي هالشيء بابين قلنا له بابين قال ليش بابين جنب بعض واحد لل singles واحد لل family قال طب هم الاثنين جنب بعض,Saudi-English
بالكبر هذا مسوين ال set up ومسوين live dj set up وال connections وال speakers عشان تعطيك,Saudi-English
sound system يعني كله ماخذينه فالاعتبار هذا كله ماخذينه فالاعتبار,Saudi-English
وال drinks ماحد كان يسوي احنا اول مطعم في ذاك الوقت اللي كان يسوي virgen mocktails اللي هي مو cocktails mocktails,Saudi-English
ok بدون كحول variety بانواع مرة كثير جايبين specialist و و الى اخره فا فا كان خطوة كبيرة ok,Saudi-English
والحمدلله توفقنا فتح المطعم الحمدلله حسب ال feasibilty حقتنا والاقبال احنا كنا very conservative كنا متحفظين جدا في دراستنا لانه,Saudi-English
كمان نكون منطقيين هذا اول مرة فالحمدلله كان افضل من توقعاتنا لما فتحنا المطعم وكان ال word of mouth تطلع,Saudi-English
والكلمة تطلع تنتشر لان في ذاك الوقت ال social media ما كانت منتشرة بالانتشار هذا ما كان فيه snapchat,Saudi-English
ماكان فيه instagram موجود بس على استحياء وموب عندنا فالسعودية facebook موب عندنا فالسعودية الناس ال followers يمكن مناطق اخرى بس مو فالتركيز عندنا فالسعودية,Saudi-English
فكنا نعتمد فال marketing على ال word of mouth,Saudi-English
هي ال word of mouth فكنا اء تجربة الناس نفسهم تجربة يروح اول مايرجع البيت بيقول للاهله بيقول ثاني يوم يقابل اخوياه بيقول لاخوياه صاحباتها,Saudi-English
والى اخره فا كانت هي ال word of mouth هي سبب انتشار,Saudi-English
انتوا بديتوا august الفين واربعطعش احنا بقينا august september الفين واربعطعش طال عمرك,Saudi-English
الفين وستطعش يعني تقدر تقول يعني مو مرجع راس مالك بس نوعا ما يعني ايه يعني خلاص almost there و والعشرين مليون انحطت نتوسع,Saudi-English
يا سلام على البداية الوردية يا سلام على الارقام كان فيه excitement طبعا,Saudi-English
وحطينا plan كانت هي لاتزال شغف بس كانت pure شغف اصبحت شغف مع استثمار طويل الامد,Saudi-English
موضوع جلسة العوائل وجلسة ال ال singles,Saudi-English
وقلنا ماخذين ال risk ماخذين ال risk ولمن جينا قدمنا على البلدية عشان ناخذ الرخصة,Saudi-English
في نوزومي كان فيه ستار يفصل عند ال sushi bar,Saudi-English
ما ما ماتغير علي شيء بس اذكر وش اشهر كلمة في ذيك المرحلة partition اء partition كان عندنا partition ايه,Saudi-English
فال فيه عندنا صالات اللي هي الحفلات الخاصة ال private dining room صحيح كان اسمها vdr the private dining room كنا حاطين فالعوائل المحافظة كانت تفضل انها تروح هناك كان ايه,Saudi-English
كنت تروح هناك او تجيب لها partition احنا كنا نتحاشى عشان مانبغى ال culture حق ال partition يجي للمطعم,Saudi-English
من الزبون العميل انه طلبت partition وتاخروا علي او قالوا لي للاسف مافيه partition,Saudi-English
كل شيء سري فيه شكوى عليكم انه طلب partition وانتم ما اعطيتوهم partition,Saudi-English
لا فيه partiton يمكن صار سوء فهم احيان ترا يصير سوء فهم يعني انا مو قصدي انه هذا يصير فيه سوء فهم من الاجنبي مو فاهم,Saudi-English
ماهم فاهمين انه ليش اجيب partition وليش اجيب طب احاول يقنع الزبون انه ما يحتاج partition من حبنا وشغفنا للمكان نبغاه يشوف المكان,Saudi-English
انه هو تعود على كذا بس انت لو سالت لو قلت له طب انا ما اجيب لك ال partition بس جرب,Saudi-English
ولو نص ساعة ساعة ما عجبك اجيب لك ال partition,Saudi-English
فعلا بعد فترة ترا ما كملنا اقل من سنة ماعاد فيه عندنا ولا partition,Saudi-English
فال private room السجاد موجود وقت ماهو يبغى يقوم يطلب يصلي سكر الباب صح ما تستقبل بس اللي جوا وقاعد ياكل يكمل اكله,Saudi-English
لانه احنا ربطناها بانه again في العرف,Saudi-English
ok بعد ما تخلص الصلاة نرجع نرفع الموسيقى الناس كانت تعجبهم موضوع الموسيقى انه فيه موسيقى لانه الموسيقى يا سيدي الفاضل قصتها كيف بدات فالمطاعم برا فالخارج,Saudi-English
كانت هي اللي تعطي ال privacy,Saudi-English
ولانهم قريبين من بعض الموسيقى كانت تعر تعطي ال ال sound privacy بين بين الطاولات,Saudi-English
ادى الى خطوتين ايه نعم الخطوة الاولى انك سويتوا نوزومي catering او صحيح نوزومي take away ص catering و take away وسويتوا,Saudi-English
ارث كافيه urth cafe طال عمرك علمنا عن عن يعني بشكل موجز عن هالخطوتين هذولي نعم هذولي هم اللي صاروا في الفين وخمسطعش بدا العمل عليهم بدا العمل عليهم في الفين وخمسطعش مباشرة,Saudi-English
نقول طيب الخطوة الجاية بدينا فال catering ال catering اء كانت تجينا طلبات,Saudi-English
لل catering اء طلبات خاصة,Saudi-English
وما كان عندنا ال التاهيل فالمطعم انه يكون عندنا team متخصص فال catering,Saudi-English
وكانت انه exception ال basis يطلعوا,Saudi-English
team من المطعم من المطبخ يطلعوا يقوموا يادوا ال catering,Saudi-English
ويرجعوا مرة ثانية طبعا و yeah تدفع لهم ال overtime و و الى اخره انه اشتغلوا الى ساعات متاخرة فا,Saudi-English
بعدين قلت طيب هذي الطلبات احنا ماحنا قاعدين نسوق لها وتجينا طلبات خاصة معينة من زباين معينين والى اخره فا طب ليش ما نبدا نفكر فيها from a business model,Saudi-English
ok انه هذا ال business بدينا نفكر فيها في ال catering طيب كانت الخطة الاولى,Saudi-English
احنا نبغى نسوي catering بس غي طبيعة ال japanese food انت ماتقدم سخانات تحطها في بوفيه لا its live coocking,Saudi-English
وفيها preparation وفيها live coocking on the spot طب معناته نبغى stations,Saudi-English
وال station نبغاها على نفس الديكور حق نوزومي فتم تفصيل stations كاملة وقتها صمم لنا اياها,Saudi-English
يصممها ويصنعها في في لندن تم تصميمها بالكامل جبناها جبنا ال truck كانت heavy equipments,Saudi-English
اء وكنا نسوي catering وسوينا catering مرة كثير سوينا في بيوت,Saudi-English
خاصة يعني حفلات عشاء خاصة و و الى اخره نفس ال experience اللي تاخذها فالمطعم,Saudi-English
نفس بالطاولات foldable legs الطاولات اللي هي تتطبق بس نفس الخشب,Saudi-English
اء الكراسي نفس الكراسي بس foldable عشان تتجمع وتروح وتنحط,Saudi-English
فانت تاخذ ال experience اللي تاخذها فالمطعم تاخذها في الحفلة الخاصة ok او مكانك الخاص مزرعة بس ما كملتوا ليش,Saudi-English
اء تكلفة ال operation كانت الفين عالشخص انتوا كنتوا اغلى,Saudi-English
catering كنا ويالله هذا مع مع العلم انه ما كانت تغطي التكاليف,Saudi-English
number two لان انت عندك fixed coast لمن تعين موظفين فانت معناته تكلفة ثابتة salaries اذا ما جاتك catering,Saudi-English
انت zero revenue وعندك تكلفة ثابتة جالسة تطلع,Saudi-English
الشيء الثاني وهذولي chef of ومقدمين الخدمة لانه يطلعوا chefs ويطلعوا service اثنين مع بعض ال team,Saudi-English
طبعا هذا فادنا في احنا في business المطعم لان احنا الاساس هو المطعم وليس ال catering,Saudi-English
وخف الطلب على ال catering صار الطلب ال catering very exceptional,Saudi-English
ok والله ركزنا قلنا خلاص ال catering نبغى نوقفه نوقف ال catering اليوم احنا موجود عندنا catering,Saudi-English
بس بطريقة مختلفة ماعاد فيه ال stations اللي احنا نوديها,Saudi-English
حنا نروح ل catering اذا انت عندك المطبخ مجهز,Saudi-English
ok وماهي ماهي عملية,Saudi-English
فنسوي catering و very exceptional ok اليوم بس بطريقة مختلفة,Saudi-English
و فنفس الوقت برضو كنتوا شغالين على urth cafe فنفس الوقت ليش ما كان تحت الشركة,Saudi-English
urth cafe في كاليفورنيا ليش ما نجيب urth cafe,Saudi-English
طيب ok وشفنا وبحثنا عن urth cafe و و الى اخره its only dinning its breakfast ل cafe ل dessert ل lunch dinner salads healthy food organic coffee organic tea و الى اخره الصراحة concept جدا جميل فقط موجودين في كاليفورنيا,Saudi-English
ok في ذاك الوقت بس مابعد فتحوا في اليابان فقط في كاليفورنيا حتى في امريكا ماتوسعوا خارج كاليفورنيا نهائيا طيب,Saudi-English
اء شركة الماكولات العصرية mfc,Saudi-English
ok و ابو فيصل,Saudi-English
الشركة هذي تا اخذت وقعنا عرفنا هو على ال owners للشركة وقعنا معهم franchise agreement,Saudi-English
والحمدلله كانت بداية موفقة فتحتوا الفين وسبعطعش الفين في may الفين وسبعطعش فتحنا اول urth cafe اللي فالتحلية,Saudi-English
و urth cafe برضو كان مختلف عن كاليفورنيا,Saudi-English
لانه عندهم قصة هم برضو مختلفة فال designers,Saudi-English
طلبنا من urth cafe designers اللي عندهم يتعاملون معاه طلع بروفيسور,Saudi-English
اء part time يشتغل في اوقات الفراغ هو بروفيسور فالجامعة,Saudi-English
مهندس بروفيسور architect ok مصمم فالجامعة لما تعاملنا معاه,Saudi-English
قلنا طب هل احنا نبغاه again نفس urth cafe هذاك يمشي في امريكا,Saudi-English
مو شرط اللي يمشي في اي مكان او في بلد معين او في city معينة بالضروري بنفس ال design يمشي عندنا,Saudi-English
ok وتكلمنا معاه وسوينا وب يعني بدينا بدايات بسيطة فقط كنا مرة في coya في دبي,Saudi-English
جميل و و الى اخره مين المصمم هذا تعرفنا عليه لقيناه sagrada group richard المصمم كلمناه,Saudi-English
قلنا نبغى تسوي معاك cafe قال انا سويت مطاعم كثيرة انا سويت كل lpm اللي فالعالم سويت كل coya اللي فالعالم سويت مطاعم مرة كثيرة,Saudi-English
ok بس cafe سويت فنادق بس cafe ماقد سويت,Saudi-English
قالوا طيب هذي urth cafe في كاليفورنيا مختلفة التفكير مختلف its home its add natural عمره اربعين سنة فيه history فيه story behind it its not a normal cafe as you think,Saudi-English
قلنا له تعرف هو من بريطاني ساكن في لندن قلنا له تعرف قال لا ما اعرف urth cafe يعني i never been to urth cafe,Saudi-English
لمدة اسبوعين تزور urth cafe بيستقبلونك هناك الجماعة,Saudi-English
بياخذوك على كل فروع urth cafe وتفهم وتستوعب the brand,Saudi-English
باصمم لكم urth cafe قلنا له ممتاز urth cafe is a next bendable,Saudi-English
ونبغى نتوسع فيه قلنا له عشان يكون عندك ال vision هذي from day one,Saudi-English
احنا بنوقع معك master agree,Saudi-English
وقعنا معاه master agreement لكل urth cafe من ال kiosks,Saudi-English
الى اللي هي kiosks اللي هي صغار ال ال,Saudi-English
ال الفروع المؤقتةالفروع المؤقتة والصغيرة الى الفروع الكبيرة ok,Saudi-English
وليش لانه نبغى من البداية يبدا يفكر انه urth cafe الفرع الثاني مايشبه الاول لكن فيه نفس الروح touches ما يبدا يفكر في واحد ومايفكر للمستقبل,Saudi-English
فيعمل حساباته من البداية وقعنا master agreement,Saudi-English
مع انه يوقع لنا انه يصمم لنا urth والله وفعلا راح والحمدلله فتحنا urth cafe اللي فالتحلية,Saudi-English
بداية التحلية قريب من الضباب اء كا كا اول urth cafe هذا الكلام في may الفين وسبعطعش,Saudi-English
الان اربع طعشر فرع في urth cafe اجمالي including دبي جدة الخبر الرياض,Saudi-English
اء نوزومي pop up هناك,Saudi-English
انا لمن عرفت رفعت السماعة على يعني ابو سعود من غير ما اذكر ok يمكن ما يبغى,Saudi-English
قلت والله العظيم هذي قالي طب فيه مانع ال agreement,Saudi-English
قلت لا طبعا هذي ال copy من ال agreement تفضل فالمطعم الام وقع معاهم وقع معاهم مع فهد مع فهد,Saudi-English
saudi arabia ksa كذا مذكورة saudi arabia ksa kingdom of saudi arabia ksa,Saudi-English
ok ما ماقدروا يلاحقوه ولا يجيبوا شيء خلاص العوض الله يعوض الله يعوض,Saudi-English
ما عاد فيه الرجال هذا وهذاك قفل اصلا المطعم الاساسي اللي فلندن قفل في ال june may الفين وخمسطعش احنا فتحنا في سبتمبر الفين واربعطعش,Saudi-English
احنا حتى ما جانا العلم ولا الخبر ولا بلغنا وليش لان فال agreement عندنا وش تقول,Saudi-English
based on نوزومي لندن فكل شيء مرتبط بنوزومي لندن فهو مايبغى يبلغنا,Saudi-English
قال لا انا مختلف مع ال land lord والحين استاجرت موقع ثاني وجالس انقل ok جالس ينقل خلاص الرجال جالس ينقل,Saudi-English
سا كانت قصة عجيبة وهذي كانت شرارة ال real banding ايوه لمن تواصلنا معاه على جدة قلنا له انت وقعت في جدة,Saudi-English
انت سويت breach جيت انت ما بتضيف لل brand عندنا ولا شيء لما فتح هو في قطر,Saudi-English
ما كان عنده نوزومي لندن و وقع في الفردان في kempinski في في قطر,Saudi-English
مسؤولية ولا شيء مسؤولية ولا لنا income ولا fees ولا شيء تدربوا عندنا موظفين,Saudi-English
ولا اخذنا منه ولا شيء for the sake of the relation العلاقة لانه الشراكة هي الشراكة هي شراكة طويلة الامد فانت تفكر فيها مع شريكك ماتفكر فيها في خلافات من البداية,Saudi-English
قلنا له هنا كانت هذي في october الفين وسبعطعش,Saudi-English
ايقاف العقد لسبب اسباب ال breach اللي انت قاعد تسويها,Saudi-English
اولا نوزومي لندن does not exist فال فالاتفاقية غير مفعلة,Saudi-English
طيب ومافيه اي zero support ولا فيه system كل الاشياء اللي تنص عليها ال franchise هذي zero ماهي قاعدة تجي,Saudi-English
نص ال menu اللي تشوفه from day one تطويرنا حنا,Saudi-English
ok انه لمن نطور اشياء معينة اللي هي ال best sellers اليوم في ميازو واللي كانت في نوزومي هذي تطويرنا احنا ما اخذناها من,Saudi-English
على brand جديد,Saudi-English
ال brand جديد هذا يحل محل مس,Saudi-English
فعينا شركة متخصصة فال branding,Saudi-English
اء كانت متخصصة فال fashion branding بالتحديد وليس فيه مجال المطاعم,Saudi-English
فال fashion branding boutique company very small company boutique مقرها في باريس في فرنسا,Saudi-English
سنتين لين ماسوينا full brand اسمه ميازو,Saudi-English
وميازو ما كان rebrand او rename سجلنا ميازو لانه فيه هدف عندنا وش هي الفكرة اللي عندنا موجودة انه ميازو باذذن الله يطلع فكل,Saudi-English
ان شاءالله نطلع وانه يطلع brand سعودي اسمه ميازو,Saudi-English
ل ماكان وقتها محدد الاسم بس انه يطلع brand سعودي يمثل زي ما لانه,Saudi-English
جاتنا الفكرة اللي هي الثانية انه زي ما احنا قاعدين نجيب من برا franchise,Saudi-English
بحيث انه يتاكد من اليابان الى امريكا عشان حتى ماحد يقول اخذتوا الاسم copy من اليابان الاسم,Saudi-English
we launched it في قبل الان ان شاءالله في ديسمبر نكمل ثلاث سنوات فيه ديسمبر عشرين عشرين,Saudi-English
اء سان كارلو شيكتي وقعنا له سان كارلو group اللي تملك سنيور ساسي اسمها سان كارلو group عندهم مجموعة مطاعم,Saudi-English
ok ب brands مختلفة هذي سان كارلو group احنا وقعنا مع سان كارلو group,Saudi-English
اء بين كارلو ال owner حق سان كارلو,Saudi-English
امريكانا فقال حتى لو ما فتحوا بس انا استحي اني اروح اطلبه release,Saudi-English
تواصل معانا قال الان خلاص تقدر تاخذه ال agreement لانهم يعني مافيه احد,Saudi-English
وقال ما لا يمكن ارجع له او اكلمه او ارفع عليه السماعة او احطه تحت pressure,Saudi-English
في محل نوزومي حق ال catering,Saudi-English
سبحان الله مكتبنا موجود فوق urth cafe اللي فالتحلية,Saudi-English
ok هذا كان حنا مستاجرين المبنى كامل فبالتالي يسهل علينا الادارة,Saudi-English
شلنا نوزومي catering طب وش نسوي فالموقع ايه,Saudi-English
ok ايش نسوي فالموقع الموقع حنا نفتح يا سلام فحطينا فالموقع عساس,Saudi-English
ماهو بنفس ال segment حقت ميازو ولانوزومي في ذاك الوقت its a casual كا هذولي الثلاثة,Saudi-English
فال فال group وعندك ستة براندات ثانية اللي جت بعدهم خسرانين,Saudi-English
ok يربحون وليش الستة الاخرين قاعدين يخسرون ok طبعا اء,Saudi-English
خدم ال brands هذيك بعدين لما جت كورونا,Saudi-English
ok هذي ال في عشرين عشرين جت كورونا اخر التسعطعش بس في عشرين عشرين,Saudi-English
ok المالي هذا اثرها المالي نقطة وبعدين يجي المعروض,Saudi-English
انت في سوق حر ماتقدر تجي تقول شركات لا تفتح مطعم وما تقدر تجي تقول تسوي zoning,Saudi-English
فالنهاية اقتصاد حر من حقه انه ياخذ تصريح ويفتح مطعم هو صاحب القرار ok فصار فيه معروض ومعروض من القطاع الخاص,Saudi-English
وال demand جالس يزيد بس بالتدريج,Saudi-English
طلب حجز في billionaire,Saudi-English
اء ماعرف سوي جربنا ال show بعدين لقينا comments كثيرة انه ال show,Saudi-English
اء ممل ومتكرر وقفنا ال show,Saudi-English
لمن وقفنا ال show الان تجينا طلبات انه رجعوا ال show,Saudi-English
الشركة اللي جايبينها عشان نسوي ال show هي شركة في اسبانيا,Saudi-English
هل المساحة الملمومة والناس سعر لما والسعر ok السعر في شيكتي,Saudi-English
السعر اقل من بليونير اقل من ميازو اقل من سنيور ساسي وغيرها من المطاعم,Saudi-English
فهو يعتبر casual,Saudi-English
اكثر من انه يعتبر fine dinning لكن ال quality اللي جالس اعطيك اياها,Saudi-English
نفس ال quality اللي جالس اعطيك اياها فسنيور ساسي ال ingredients اللي انا استخدمها,Saudi-English
هي نفس ال ingredients عملنا ما ناخذ نوعين من ال ingredients او two level من ال ingrediants,Saudi-English
very high quality ingredients بس نزل من cost of operation اقل انه مطعم اصغر فعدد موظفين اصغر فا,Saudi-English
بس مو ما رخصنا فال ingredients هي نفس ال ingredients فا بالنسبة للناس شيكتي value for money,Saudi-English
اربعة وثمانين طباخ ايه موب واي ما يشمل ال staff الخدمة,Saudi-English
ال ايش بس فال back of house فالمنطقة المطبخ,Saudi-English
اربعة وثمانين اربعة وثمانين وكم اللي يشتغلون في تقديم الخدمة ال total مية وثلاثة وخمسين شخص يشتغل في سنيور ساسي,Saudi-English
هذا اللي كلفكم اربعين مليون اربعين هذا هو ال record حقكم لانه هذي ارض,Saudi-English
وتم تطويرها على شكل فلة وجبنا richard,Saudi-English
قلنا له من day one نبغى نعطي ال expierence venetian,Saudi-English
هو مطعم ايطالي نبغى نسوي فلة سنيور ساسي ونعطيه التصميم انه فلة,Saudi-English
جاية مستوحاة من venice,Saudi-English
فهو صمم هذا richard اللي صمم لنا صمم فنادق في venice,Saudi-English
فبنينا الارض على هذا الاساس سوينا لها parking تحت full basement مساحة الارض الفين وسبع مية متر,Saudi-English
مباني الف ومية متر مسطح و full basement تحت,Saudi-English
ب menu فيه مية وثمانين item فال menu,Saudi-English
ok فيه varity كل يوم عندنا,Saudi-English
fully booked فالعشاء كل يوم اوه ما زال ما زال,Saudi-English
ايا كان ايام الاسبوع الذروة تسعة ونص الا ما تلاقيه fully booked ماشاءالله,Saudi-English
كويا لما كان مؤقت في جدة كان عليه اقبال هائل كان اكثر واحد نجح في موسم جدة احنا في موسم جدة شغلنا سنيور ساسي,Saudi-English
كا pop up زوما و كويا,Saudi-English
pop up سويناهم في موسم جدة في في نفس الوقت,Saudi-English
لكن ايرث كان already فاتح فالرياض,Saudi-English
فا هذي اربع مطاعم فتحناها جديدة ماهي موجودة كانت فالسعودية اكثر واحد كان عليه اقبال واكثر comments كان يجي كويا,Saudi-English
ولما فتحتوه لما فتحناه في dq فتحنا another pop up,Saudi-English
صحيح كان برضو pop up فال dq في عود سكوير ايه كان عليه اقبال بعدين قفلنا,Saudi-English
فتحنا الفرع الدائم وقعنا ال agreement فتحنا الفرع الدائم ماهو قاعد يحقق المطلوب فالبدايات تحقق,Saudi-English
بعدين نزل نزل ال demand شوي وليس ال,Saudi-English
بس فالبدايات جلس اول ست شهور fully booked كل يوم,Saudi-English
يوميا ماشاءالله تبارك الله demand بيف بار نفس الحكاية بيف بار نفس الشيء,Saudi-English
في قوقل تقييمه ثلاثة ونص اء صحيح هو اقل brand عندكم كتقييم صحيح,Saudi-English
وهذا ال case ينطب او هذي الحالة تنطبق على اغلب المطاعم,Saudi-English
ال demand ال varity طلعت,Saudi-English
ثاني شيء مو demand supply قصدك اء عفوا ال supply العرض العرض,Saudi-English
اء ال supply ارتفع مرة كثير ال supply المعروض,Saudi-English
فمن الطبيعي انه فتحت منطقة كبيرة وفيها مجموعة كبيرة من ال variety,Saudi-English
اء lasen vally ماشاءالله منطقة جديدة ومطورة وفيها مجموعة من المطاعم كافد,Saudi-English
ماشاءالله تبارك الله صار فيها مجموعة فا الرياض صارت والخزامى الفيصلية الخزامى الفيصلية عفوا فيها lpm فيه مامو فيه اء ميراكي فيه مجموعة,Saudi-English
اسماء كبيرة فيا الرياض الان برضو فيا رياض الان lately هي اخر هذا فيا رياض ماشاءالله تبارك الله جوا فوق العشر مطاعم او خمسطعشر مطعم,Saudi-English
موجود يعني واسماء كبيرة جاية من كاليفورنيا وجاية من امريكا وجاية من اوبرا اوروبا فاسماء يعني كلها international فا الشيء الطبيعي انا فيصل وانت عمر احنا كا زباين نبغى نروح نجرب,Saudi-English
ok ونسحب عالمكان القديم سواء اللي بليونير تسحب عالمكان ماتغير شيء في بليونير,Saudi-English
مع ال lock down او مع حضر التجول غشت القرارات الاستثمارية صح الكل اعطت انطباع full وطلب وزحمة,Saudi-English
ايه فالناس تحمست وهذولي فتحوا بعد سنتين من كورونا خلاص الناس هديت ايه الناس هديت شيء طبيعي والناس سافرت وصار ال budget او ميزانيته الشخصية,Saudi-English
بالضبط يسافر فيها وماعاد فيه rush,Saudi-English
فيه direct و indirect,Saudi-English
تتكلم ترا خمسة واربعين بالمية وخمسة وخمسين بالمية نساء اه مو كثير ظنيت اكثر لا وطبعا الرجال ما تستهين فيهم لانه الرجال انا اتكلم ك business ايه المطعم مهم,Saudi-English
لانه يدفع اكثر average per check حق الرجل اكثر من المراة,Saudi-English
ok بس اتكلم الحين business كا pure business الربح من الرجل ال male,Saudi-English
ال spending عندهم اعلى من ال female الرجال spending اعلى مافيه كلام فالمطاعم لانه ماشاءالله اكلهم اعلى ok ok,Saudi-English
انه الناس تربط ال drop اللي صار ب,Saudi-English
اء ففيه ناس تربط هذا ال drop او هذا التراجع اللي صاير فالمطاعم بسبب وجود المواسم,Saudi-English
الفترات الميتة فتلاقي مثلا winter wonderland اللي في لندن هو يصير في ذروة الشتاء ذروة الشتاء اسوء موسم اللي الناس ما تبغى تطلع ولا تبغى تروح الحديقة صنع هذا ال season ليخلق حراك واقتصاد في الفترة الميتة,Saudi-English
عطنا بالارقام اعطيك بالارقام كم ينزل مبيعاتكم فوقت ال season,Saudi-English
اء احيان وقت ال season يصير فيه drop ثلاثين بالمية,Saudi-English
ثلاثين بالمية خلال فترة بشكل بشكل عام انا اتكلم بس لا مطعم مطعم يفرق اكيد بس انا اتكلم بشكل عام ايه بشكل عام فهذا ال drop ينزل ينزل طيب على كامل السنة كم الزيادة,Saudi-English
احنا عندنا our own call center,Saudi-English
ok اكثر قبل ما انها بس عشان تستقطب من الخارج,Saudi-English
متحمل ال operation cost,Saudi-English
ايه يعني لا مدفوع فال agreement طيب اجل كلمنا عن تجربتكم انتم مع المواسم انتوا شاركتوا بموسم العلا موسم الرياض شاركنا في موسم العلا الفين وتسعطعش الفين وتسعطعش,Saudi-English
اء ناخذ نسبة من ال ناخذ ياخذوا النسبة مننا من ال revenue,Saudi-English
ok يشاركوك في ال revenue مقابل التقديم الخدمات مقابل تقديم الموقع,Saudi-English
ok وال team اللي كان يطلع عندنا احنا في وقتنا في نوزومي في طنطورة كان يطلع ال team من نوزومي جدة,Saudi-English
ok طلعنا الفريق العمل من نوزومي جدة لانه اقرب,Saudi-English
ايه المربح الاهم مشاركتنا ال marketing انه احنا شاركنا هناك,Saudi-English
يعني اقدر اقولك break even break even طيب ليش مستمر,Saudi-English
ايه منافسة فتحتاج خطة فيمكن مش الوضع ال ال financial position,Saudi-English
ok فا فا وضع الشركة وانا ك ceo للشركة او الشريك اداري فالشركة ما ماتوقع انه حي,Saudi-English
كانت ال feedback اللي تجينا من الناس حر,Saudi-English
بعض الناس مسافرين كمان بالاضافة الى ذلك ok فبالتالي كان الاقبال كويس ممتاز لكن مو اللي كنا نطمح له وش طبيعة العلاقة مع مع المواسم كنا فاتحين خمس مطاعم,Saudi-English
نسبة من الايرادات لكنك تاخذ الموقع مجانا ناخذ الموقع وال fees اللي كنا ندفعها لل franchisors كانت تروح direct لل franchisors يعني zuma ماخذ fees,Saudi-English
هذي اخذها زوما كويا ماخذ fees اخذها كويا نصرت ماخذ fees اخذها نصرت هل ربحت في هذي فالمجمل ايه ربحت ربحت ايه ربحت,Saudi-English
وما تكررت لان ال model او نموذج عمل عند المواسم تغير بالضبط يعني مثلا مثلا,Saudi-English
ايرث كافيه لانه فاتح فما كان فيه fees لايرث كافيه,Saudi-English
فايرث كافيه يعني اعطيك هيا انت دايما هي معادلة ايه overall ربحان ايرث كافيه خسرت,Saudi-English
لكن المجمل ربحان ok فتنظر لها كذا يعني هي وال business its its a bundle واليوم اصحاب المطاعم خلال فترة ال season او خلال فترة الموسم اللي يصير فيها نزول,Saudi-English
ولا لاتشارك خل اجازات موظفينك في فترة الموسم لانه فيه drop ثلاثين بالمية وش,Saudi-English
فترة الموسم فترة الموسم انك كون انك اقول لاحد روح شارك في الموسم هل عندك القدرة المقدرة الادارية وال operation التشغيلية,Saudi-English
ولا بتستخدم احد من ال team اللي عندك هذي يحدد النقطة كل شركة وشركة يختلف ان كان فقط بتوظف للموسم,Saudi-English
فقط لثلاث شهور pop up بغض النظر هو وينه ال pop up هذا ثلاث شهور pop up اكيد اكيد,Saudi-English
غير مجدي اقتصاديا لانك انت قاعد توظف فقط لثلاث شهور طب ما مداك تحط structure وتحط كابكس وتصرف,Saudi-English
ترا ال margins اذا نجحت وكل شيء تمام ال margin ماتتعدى خمسة,Saudi-English
خمسة بالمية عشرة بالمية يا ساتر تترا هذا اليوم مارجنكم في القطاع هذا القطا وين الفترة الذهبية الفين واربعطعش وخمسطعش لا كانت ال margins عشرين بالمية,Saudi-English
اكثر الفترة الذهبية ترا ما حتى ما يعني الى خمسة وعشرين اربع وعشرين بالمية ترا ما تتعداها ما تتعداها ال margins ماعمرك انت تتعداها,Saudi-English
بس الناس تعتقد انه تشوف الزحمة طب ما تربط تكلفة ال staff تكلفة ال accommodation تكلفة الرين تكلفة ال cost of food,Saudi-English
ok فبالتالي ما ماهو موجود فاذا انت بتشارك as pop,Saudi-English
ok مافيه انا ما انصح اذا ما كان,Saudi-English
جاية في ترتيب معين يغطي لك بس لو طلعت منها break even انت ممكن تستفيد marketing,Saudi-English
تستفيد اء خساير بسيطة تتحملها من اجل ال brands,Saudi-English
قاعدين تستغلون السعوديين ولا وش الفكرة لا والله بالعكس ليش هذا التفاوت ليش فيه ليش دايما الاسعار عندنا اغلى انت اول شيء عندك ال market price,Saudi-English
طال عمرك ال cost ال cost of food وال logistics واصلة عندنا السعودية اغلى شلون موب نفس المورد نفس المصدر ايه بس انت تخليص الجمركي شركات التخليص الجمركي حنا احنا ما نخلص بنفسنا,Saudi-English
احنا نعطي لشركات فانت ال suppliers اللي تتعامل معهم والمخلص الجمركي و الى اخره انت الين ماتوصلك المنتج الى مطعمك,Saudi-English
ال cost الى وصوله الى مطعمك او مقرك او مطبخك اعلى من ال cost في مكان ثاني ليش,Saudi-English
رسوم حكومية ولا وفرة خدمات ال process يطول شوي فبالتالي انت كل يوم تطول فيه ترا هو تكلفة على ال supplier,Saudi-English
ال اللي ال logistic company فبالتالي تكلفتهم مرتفعة,Saudi-English
فالسعودية اكثر من الخليج رقم واحد رقم اثنين رقم اثنين تكلفة انت لمن تسوي سياسة التسعير انت تبني سياستك التسعير ليش انت تبني انه تكلفة عادة عالميا تكلفة ال ال food cost,Saudi-English
انت ال gp ال gross profit عندك تكون طال عمرك من خمسة وسبعين الى ثمانين فال فالمجال ال fine dinning انا ماعرف ال qsr كم,Saudi-English
في تتكلم خمسة وسبعين الى ثمانين بالمية فانت هذي عشان تحقق ال parameters هذي ok فيجب انك تبني سياسة تسعيرك مبنية على الشيء هذا,Saudi-English
احنا ال staff cost عندنا عالميا فال fine dinning تتراوح من ستة وعشرين الى ثمانية وعشرين بالمية staff cost من اجمالي ال cost ال operation cost,Saudi-English
شلون انا موظف يجيني يداوم الساعة كذا فالمطعم يحضر ليش ماتطبق النظام هنا ماعندي ماقدر انا هنا في zonning للسكن,Saudi-English
هي مجموعة اشخاص ادارة كاملة اسمها ادارة ال admnistration ادارة ال admnistration تدير,Saudi-English
للسرير للسرير اليوم كانوا ساكنين قريب الى لدرجة اللي يبغى يجي بسيارة يجي او اللي يبغى يجي برجوله يجي بعدين صار فيه zonning,Saudi-English
zonning اللي هي اماكن محددة يسكنونها عمالة غيرها ممنوع غيرها ممنوع ارتفع اليوم الى ثلاثة وعشرين ريال,Saudi-English
فاحنا قلنا ماكان فيه مقابل مالي مقابل مالي ok اليوم فيه عندك مقابل مالي الشخص الاجنبي يكلفك,Saudi-English
طب ربحك كله مو تسعة مليون انت عندك الفين فا الفين بس فيه منهم سعوديين الاجمالي كم نسبة السعودة عندك فال head office,Saudi-English
فال total ال headoffice الالف وثمان مية هذولي كم منهم ستين بالمية السعودة بال head office,Saudi-English
في خارج ال head office انت لازم to maintain نسبة السعودة اللي هي تقريبا ثلاثين بالمية عشان تجلس على الاخضر,Saudi-English
انا الان عندي season اسمه اء فالسعودية زي ما تفضلت انت فالبداية الشتاء هو our season,Saudi-English
ok هذا جونا وطلعاتنا وروحاتنا جو يساعدنا على الخروج طب ابغى اوظف فالشتاء لان اعرف ان ال demand والطلب على المطاعم والاقبال يزيد ما اقدر انا العقود اللي اوقعها اقل شيء سنة او سنتين,Saudi-English
ما اقدر وبعدين يجيني رمضان dead مافيه احد فالمطاعم لانه الناس تتجمع فالبيوت وتفطر فالبيوت واذا بتطلع تروح للخيمة الرمضانية وانا منهم,Saudi-English
يجب انك فهذا اول عائق غيره ok هذا واحد الشيء العائق الثاني طال عمرك انه,Saudi-English
اء ال انك تاخذ جودة عالية من ال الموظفين ok ترا مو سهل عندنا فالسعودية,Saudi-English
انط تدفع مبالغ فانك تجيب اوروبيين مثلا على سبيل المثال ولا experience احنا مانقول اوروبيين نقول experience,Saudi-English
very experienced people وعدد كبير احنا نجيب,Saudi-English
بس مانجيب كل المطعم very experienced حتكون التكاليف جدا جدا جدا عالية لدرجة انه بجميع احوالها لو المطعم مليان صبح وليل غير مجدية ليش,Saudi-English
احنا عندنا المطاعم برا ال fine dinning وهذي تعتمد كثير على المشروبات الكحولية لانه ال margins وربحهم هو مو فالاكل,Saudi-English
كم تتوقع المطاعم ال fine dinning,Saudi-English
مبيعاتهم ايوه يعني اتذكر خمسة وخمسين فالمية من مبيعات مطاعم ال fine dinning كحول كحول وهذي وخمسة واربعين بالمية اكل,Saudi-English
اوه انت عندك ايش ال cost حقت الكحول,Saudi-English
كا cost نتكلم هل فيه chef مافيه chef,Saudi-English
انت عندك مخزون inventory ولمن يجي يقيمها المحاسب تزيد ما ت ما تنقص ال risk بالنسبة لهم انا اتكلم ك model,Saudi-English
انا بتكلم الحين ك model ايه ايه ما اتكلم كشريعة ودين صح هذا ايه فا,Saudi-English
ما فيه ال inventory يزيد المخزون ايه المخزون يزيد قيمته زي اللي عنده cigar اللي مشتريه من ثلاث سنوات اليوم زاد قيمته ok,Saudi-English
انت فالاكل لا انت مخزونك هذا بالعكس تنضر,Saudi-English
لان مخزونك له expiration,Saudi-English
كا revenue كايرادات كايرادات طيب كربحية كا ربحية الكحول ثلاثين بالمية out line صافي,Saudi-English
ايه ربحه من الكحول انا ارفع سعري فالمقارنة غير عادلة ok فيه هنا فاللي قادر يجيب هذا المستوى من من مقدمي الخدمة,Saudi-English
ثاني شيء التكلفة عنده اليوم انا لو ابغى اجيب ايطالي انا لو ابغى اجيب waiter ايطالي يكلفني فالشهر عشر الالاف ريال تعرف في دبي كم يدفع كم خمس الالاف ريال ليش,Saudi-English
ok قلنا ok ما عندنا مانع خلاص يتحول يروح تماما كم يستلموا عندكم هذا اللي يستلم هذا الرواتب اللي عندنا قال لالا شكرا خلون مانبيكم انت حتخرب رواتب اللي عندنا احنا ترا يستلم نص السعر,Saudi-English
بس يعني الزيادة هذي اذا هي رسوم حكومية فهي اصلا ماتنعكس على ال payroll,Saudi-English
لا ماتنعكس على ال payroll هذي انا اتكلم معاك يكلفنا التكلفة ايه التكلفة تشمل احنا اللي ندفع عنه التكلفة الاجمالية يكلفنا يعني مثلا اللي هو يستلمه فيه جيبه ثمانية الالاف ريال,Saudi-English
ok واحنا التكلفة طالعة علينا تكلفته الاجمالية طالعة علينا عشرة الالاف ريال,Saudi-English
هذا انا بقولك latin americans على سبيل المثال ايه ok هذي يعني case وعلى طاري الرواتب فيه اسئلة جتنا من انكم توظفون السعوديين نفس المهمة,Saudi-English
احنا عندنا سلم موحد يعني يمكن هو ما عنده خبر احنا عندنا سلم موحد اذا كان runners ما طبعا انا اتكلم بشكل عام ما اتكلم سعوديين اييه runners هذا سلم رواتبهم waiters هذا سلم رواتبهم head waiters هذا سلم رواتبهم,Saudi-English
اء floor manager هذا سلم ما فيه اي تقسيم فالجنسية ما فيه اي وين يفرق ايوه يا سلام كل الاجانب يشتغلون عندنا ست ايام اصلا لو صارت خمسة ايام كارثة نقفل,Saudi-English
من بكرة انا اقولك اياها ما مافيه ما خلاص غير مجدية ابدا تصير,Saudi-English
ok نعرض بغض النظر سعودي او غير سعودي اي واحد خمس ايام نعرض عليه انه ترا بنروح لست ايام وتجيك زيادة بسيطة,Saudi-English
لانه انت كمان تبغى تنظر الى ال efficiency انا قلت لك الان لما انت تكون خسران في سنين متتالية ورا بعض واجب عليك,Saudi-English
خفض خسايرك وتكون efficient عشان تقدر تكمل وتصير five,Saudi-English
فواجب علينا انه نستمر وبصورة حسنة طيب خليني اسوي ابو عبدالله اسف zoom out ايه ونشوف المشهد من بعيد كا كا كصورة كبيرة صحيح,Saudi-English
لكم ك group بما انكم عندكم هذي التجربة,Saudi-English
ال average per check او ال متوسط الفاتورة متوسط الفاتورة,Saudi-English
مية وتسعين ريال فشيكتي انا اعطيك هذي as of yesterday حلو طيب,Saudi-English
وليس فالسعودية فالعالم وماشاءالله تبارك الله يوجد عندهم بيوت تجارية كبيرة جدا لكن احنا نتكلم كا behaviour صحيح يسموه spending behaviour ok,Saudi-English
انا اطلع لهم ال يوميا تطلع سيارة من الرياض من عند سنيور ساسي لانه عندنا احنا المطعم الوحيد اللي نسويه fresh كل الموزاريلا حقتنا اللي تشوفها وكل انواع ال cheesse,Saudi-English
تطلع fresh كل يوم من الموزاريلا room حقتنا معلومة ما احد يعرفها المطعم الوحيد يمكن في دبي مافيه مطعم ثاني يسوي موزاريلا fresh موزاريلا,Saudi-English
احنا بس نستورد ال buffalo milk,Saudi-English
وال cow milk من ايطاليا والجبنة تطلع عندنا fresh يوميا فاللي تقدم اللي تشوفها في المطاعم عندنا مدتها ساعتين,Saudi-English
ما شاء الله نرسل سيارة يوميا تطلع توصل ال cheeses فهذا جواب على سؤال ليش الاحجام عن الخبر والشرقية مو احجام مافيه احجام,Saudi-English
بس عدم توسع ماهو جاذب حنا ليش افتح فالرياض اول ل ال وثاني شيء المطاعم تحتاج اشراف يومي,Saudi-English
اشراف يومي ترا its a passion ماتقدر ترا مثل الطفل الصغير تقدر يجيك عندك طفل صغير وتهمله ماتقدر,Saudi-English
اء صار فيه activation من ال land lord اللي موجود انا في city walk two,Saudi-English
صار فيه ضغط مع ال land lord activation نزل لنا الايجارات,Saudi-English
فبالتالي خفف من خسائري فبدا يصير فيه ايجابية efficiency فال operation كملت خمس سنين في دبي,Saudi-English
ok واحد من هالاثنين فا فصار فيه efficiency بس اليوم اليوم المستثمر اللي يبغى يبدا,Saudi-English
ال ال الشريحة حقت مطاعمكم مطاعم ال fine dinning او ال upper casual,Saudi-English
فيه ال risk اذا ما معاك local partner فيه شوية risk,Saudi-English
وفيه مدن اخرى ترا احنا المنطقة الجنوبية ترا حسب الدراسات بس مو عال fine dinning مافيه fine dinning بس حسب الدراسات اقوى قوة شرائية,Saudi-English
اقوى من الرياض اقوى من الرياض كيف على فالقوة الشرائية ايه ال spending لانه طبع ايييه ففيه spending يعني راحوا اربعة يطلبون حق ستة ايه,Saudi-English
its a culture عادات وتقاليد في ابها بس ما فتحوا ولا شي في ابها,Saudi-English
انتم لسى ما فتحنا لان logistically ما شاء الله المملكة العربية السعودية كبيرة ايه فانت لما تتكلم تسافر من جدة للرياض,Saudi-English
بالسيارة عشر ساعات او بال truck اثنعشر ساعة وبالطيارة ساعة ونص,Saudi-English
ايه ومع المطارات رايح جاي فانت ماشاءالله تبارك الله ترا التنقل بين المدن فالمملكة كبيرة فا logistically انت صحيح ايه داخل المملكة بس بعيدة ماشاءالله تبارك الله فابها,Saudi-English
برضو فلازم تفكر بال logistic لازم تفكر فالاشراف لازم تفكر فالزيارات الاشرافية ال super vision,Saudi-English
و و الى اخره بس هذي الاشياء بس diffidently ال ال التوسع داخل المملكة هي خطوة اولى,Saudi-English
ok قبل ما اني افكر اني اتوسع خارج المملكة فيه عندك السياحة الدينية,Saudi-English
المكرمة باذن الهل باذن الله حتكون من خطواتنا الجاية مو شرط fine dinning,Saudi-English
كمان يعني نركب بالشيء بما يو هذا ايه بس ال هو ال casual ال casual اللي هو شيء,Saudi-English
توسعكم القادم هل هو بنفس النموذج السابق انك تاخذ براندات عالمية كا franchise ولا حتبدا تشتغل على برانداتك والله احنا بدينا نشتغل حيكون hybrid بين هذي وبين هذي,Saudi-English
ok يعني لسى مقتنع انت بجدوى اخذ علامات تجارية اخذ علامات اذا انا ماقدر اسوي زيها هذا واحد اذا الاسم جدا,Saudi-English
كبير وقوي وال add value,Saudi-English
يعطينا know how احنا نتعلم لما ناخذ franchise ترا نتعلم يضيف لنا اذا ماشفنا ان الاسم هذا ممكن يضيف لنا من know how من portfolio من اسم من لا,Saudi-English
مو بس مو بس عشان الاسم بس لازم يعطينا كا know how فالشركة اللي نبغى ناخذ منها نبغى ناخذ من شركة فعلا تكملنا وتضيف لنا,Saudi-English
شيء اذا ما فيها اضافة know how احنا الحمد لله الان,Saudi-English
بقدرتنا انه نصدر know how مو بس انه نستورد know how فا سوينا ميازو كان اول خطوة والحمدلله,Saudi-English
خليك واثق والحمد لله الحمد لله جانا feedback جدا جدا جدا قوي و positive يعني حتى لدرجة ناس صارت تقول هذا نوزومي plus,Saudi-English
فعلا يعني تجربة صراحة ماشاءالله نوزومي بلس ناجحة فالحمدلله هذا واحد سوينا كايزو,Saudi-English
فال dq to go والطلبات هو زمان كان اسمه نوزومي to go تغير الى كايزو,Saudi-English
وجدا عليه اقبال كويس و و باسعار ارخص نفس ال ingredients حقت ميازو,Saudi-English
ok ونفس ال raw material فا مافيها كلام بس تكلفة التشغيل ارخص ok اء سوينا روباتا فالدايري الشمالي في حطين,Saudi-English
في the canopy,Saudi-English
الحمدلله تبارك الله هذا our own brand من you from the scratch احنا اللي سويناه و developed,Saudi-English
ااء هذي كلها تحت ميازو family روباتا وكايزو تحت ميازو الان ان شاء الله نهاية الشهر مطعم ايطالي اللي احنا سويناه اسمه اجو ok,Saudi-English
اء احنا سوينا ال brand سوينا branding بتشتغل عليه,Saudi-English
سنة تقريبا ال branding our own restaurants اللي بيدخل القطاع هذا انت تنصحه,Saudi-English
يبدا franchise ولا ماعنده know how انا انصح انه franchise اذا ماعنده know how بس لمن يجيب ال franchise,Saudi-English
يكون يحاول يتعلم ال know how,Saudi-English
مو بس يجيب franchise ويكون هو اللي راكب فالكرسي الخلفي ايه لا حرام,Saudi-English
حاول تركب فالكرسي اللي جنب السواق وتشوف السواق شلون يسوق فيه ملاحظة على طريقة عملكم بشكل عام الناس يقولون انه انتوا تجيبون براندات,Saudi-English
هي في بلدها casual ولا,Saudi-English
upper casual وتجون هنا تفخمونها مرة تصير fine dinning باسعار اعلى وبتجربة مختلفة عن الاساس,Saudi-English
ok هل تتفق مع هذا هذا الملاحظة والله قد يكون التجربة ايرث كافيه انه فخمنا المكان,Saudi-English
ok بس ال ال الروح وال spirit هي نفسها,Saudi-English
ok ما تغيرت لكن ال decor المكان صحيح تغير,Saudi-English
ok واضفنا وكانت جاتنا تعليقات كثير ايجابية ok انه انتو رفعتوا من مستوى ايرث كافيه,Saudi-English
لدرجة انه الان صارت الشركة الام برا تبغى تتعامل مع richard,Saudi-English
تبغى وبدت تتعامل مع richard مباشرة حبوا ال face lift فصار ال face lift اللي احنا عملناه هذا شيء يعطي يعزز لنا ان احنا صرنا احنا نعطي التغيير,Saudi-English
وليش كل مطاعمكم تدور في فلك ايطالي ياباني ايطالي ياباني ما رحتوا ايراني ما رحتوا هندي مارحتوا هذي وحدة من الخطوات ok وش ال cuisine,Saudi-English
ok هذي وحدة من ال وش ال cuisine او الاصناف او الاطباق اللي ناوين تت او المطابخ اللي ناوين تدخلونها,Saudi-English
الاكثر الاكل الايراني كا cuisine طعم ونحبه فيه ارزاز وفيه والناس يحبونه يعني غريب انه ما فيه شيء موجود فالسوق الاكل الهندي,Saudi-English
والمغربي والمغربي صحيح ok,Saudi-English
فا فهذي الثلاثة مهتمين فيها هذي الثلاثة cuisines مهتمين فيها وغير موجودة بي بي عين بعدد كافي اء,Saudi-English
زي تحالفات او تكتلات فيه group شاكر انتوا طبعا جاوة طلع من عندكم صرتوا انتوا اخوان ثلاثة ايه من اول ايه فانتوا اخوان ثلاثة تملكون ال group صحيح صحيح ومعاكم,Saudi-English
وانا ابغى اطلع من mood الشغل فتجرب مطاعم برا ال group اطلع اجرب لانه من الاستقبال الى المدير الى الموظفين كلهم يعرفوني,Saudi-English
انا توقع عشان القطاع هذا يقدر يكمل بشكل عام ok يقدر يكمل لازم يجيه دعم,Saudi-English
والعرض الان صار كثير والعرض جالس يزيد ولاهو مهدي جالس يزيد فبالتالي هذي راح تاخذ من market share او الحصة السوقية اكثر واكثر,Saudi-English
ابغى اسالك سؤال ايه لما نروح دبي ok,Saudi-English
ب grace period فترة سماح عشان تمر بالازمة تدعم ال cash flow لانه وين المشكلة صايرة عندك هي تدفق نقدي,Saudi-English
فالتدفق النقدي negative ok لمن يكون التدفق النقدي انت خسايرك مستمرة,Saudi-English
اشيل هم اني اطلع من مكتبي فبعتمد على جاهز وهنقرستيشن وذا شيف وكل ال applications واطلب وانا جالس تحت المكيف,Saudi-English
ماراح اشغل سيارتي فالشمس واطلع واوقفها تحت الشمس وارجع مرة ثانية ادوخ ok ففيه عوامل كثير ماهي بيدنا,Saudi-English
طيب هذي باقية للابد انا اقرضتك متى بترجع لي اذا انت وقطاعك احنا over supply,Saudi-English
هذي تضر حتى في direct و indirect تضر حتى بالمستثمر الاجنبي اللي جالس يفكر يجي,Saudi-English
فانتا cost direct و cost indirect,Saudi-English
القطاع السياحي انت سالتني long term فيه بعضها على عشر سنوات فيه بعضها الان ناخذ من البنوك احنا عشر سنوات,Saudi-English
فامن الطبيعي انك تاخذ اثنعشر سنة ثلاثطعشر سنة مع ال grace period بعدين تنزل التسهيلات,Saudi-English
وكلها متاثرة كلها متاثرة وبالتالي المقابل المالي ما اضن ان وزارة المالية شالته عن احد,Saudi-English
قلنا انه فيه قطاع فيه له parameters اذا انت تكلفة العمالة عندك تمثل خمسة وثلاثين الى اربعين بالمية why لانه برا,Saudi-English
معناته التركيب عندك فيها خلل ايه هذا واحد فانت كيف تنزل الى الطبيعي بحيث انه تكون جدواك,Saudi-English
تشوف موضوع السكن وفيه zonning للسكن وفيه وفيه اشياء هذي هذي رفعت تكاليف قلت لك كنا ثمانية ريال السرير الان ثلاثة وعشرين,Saudi-English
الحمد لله كويسة يعني ما ما يعني كم كم تدفع مخالفات سنويا ك group,Saudi-English
